id,nome,idade,cidade,renda_mensal,data_cadastro
1,Pedro,40,Belo Horizonte,1645.21,2023-01-08 17:25:40.701052
2,Carlos,,Curitiba,2510.42,2025-07-06 17:25:40.701077
3,Ana,35,São Paulo,3647.21,2023-02-05 17:25:40.701084
4,Maria,,Belo Horizonte,3277.46,2023-03-24 17:25:40.701089
5,Lucia,,São Paulo,4324.42,2025-04-19 17:25:40.701095
1,Pedro,40,Belo Horizonte,1645.21,2023-01-08 17:25:40.701052
2,Carlos,,Curitiba,2510.42,2025-07-06 17:25:40.701077
3,Ana,35,São Paulo,3647.21,2023-02-05 17:25:40.701084
4,Maria,,Belo Horizonte,3277.46,2023-03-24 17:25:40.701089
5,Lucia,,São Paulo,4324.42,2025-04-19 17:25:40.701095
6,Ana,30,,3375.39,2024-12-29 17:25:40.701101
7,Lucia,35,,4248.03,2023-12-12 17:25:40.701104
8,Felipe,35,Salvador,5000.97,2024-05-05 17:25:40.701108
9,Felipe,35,São Paulo,3372.3,2024-04-19 17:25:40.701115
10,Carlos,,Belo Horizonte,4055.15,2024-11-18 17:25:40.701119
16,Lucia,30,Curitiba,3732.68,2022-12-31 17:25:40.701135
17,Pedro,40,Rio de Janeiro,3019.88,2023-04-27 17:25:40.701242
18,Lucia,,Salvador,5798.47,2023-03-02 17:25:40.701248
19,João,25,Salvador,2231.98,2025-04-10 17:25:40.701252
20,João,40,Rio de Janeiro,2170.85,2023-07-17 17:25:40.701257
21,Lucia,30,Salvador,5154.98,2022-12-13 17:25:40.701261
22,Lucia,,Salvador,2795.72,2023-02-22 17:25:40.701276
23,Pedro,40,Curitiba,2555.31,2023-12-13 17:25:40.701279
24,Ana,25,Salvador,5802.91,2024-02-02 17:25:40.701281
25,Mariana,25,São Paulo,4485.72,2024-08-12 17:25:40.701284
26,Carlos,35,Curitiba,2905.54,2023-10-09 17:25:40.701286
27,Mariana,35,Curitiba,3717.51,2023-04-01 17:25:40.701289
28,Maria,30,Rio de Janeiro,5445.87,2024-04-12 17:25:40.701292
29,Mariana,40,Curitiba,4191.62,2023-10-27 17:25:40.701296
30,Mariana,40,Belo Horizonte,4786.15,2024-10-22 17:25:40.701299
31,Carlos,35,Rio de Janeiro,4304.8,2024-07-13 17:25:40.701301
32,João,40,Salvador,4430.25,2024-07-02 17:25:40.701303
33,Pedro,40,Rio de Janeiro,3539.74,2024-11-07 17:25:40.701306
34,Pedro,25,Rio de Janeiro,3511.35,2023-05-01 17:25:40.701309
35,Felipe,35,São Paulo,3767.05,2022-11-21 17:25:40.701311
36,Pedro,,Curitiba,4234.45,2023-10-15 17:25:40.701314
37,Ana,35,Belo Horizonte,3216.68,2024-02-26 17:25:40.701316
38,João,,Curitiba,3622.05,2025-07-27 17:25:40.701319
39,João,25,Belo Horizonte,3189.65,2025-07-17 17:25:40.701321
40,Ana,30,Curitiba,3615.68,2025-02-14 17:25:40.701324
41,Felipe,40,Salvador,2249.0,2023-09-28 17:25:40.701326
42,Lucia,25,São Paulo,6105.98,2025-05-30 17:25:40.701329
43,Felipe,40,Belo Horizonte,2767.06,2024-11-05 17:25:40.701332
44,Pedro,30,Salvador,3138.54,2024-01-28 17:25:40.701334
45,João,30,São Paulo,2680.74,2023-12-24 17:25:40.701337
46,Pedro,25,Curitiba,4115.71,2025-06-30 17:25:40.701339
47,Carlos,30,,3304.0,2025-04-25 17:25:40.701342
48,Ana,,Belo Horizonte,2536.19,2025-01-17 17:25:40.701344
49,Mariana,30,,4156.88,2024-01-27 17:25:40.701348
50,Maria,40,,4291.65,2023-10-30 17:25:40.701351
51,João,40,Rio de Janeiro,,2023-03-26 17:25:40.701354
52,João,40,,,2022-12-08 17:25:40.701356
53,Lucia,40,São Paulo,,2022-11-17 17:25:40.701359
54,Lucia,,São Paulo,,2024-04-29 17:25:40.701362
55,Felipe,35,Curitiba,,2025-05-05 17:25:40.701364
56,Carlos,25,São Paulo,,2023-07-24 17:25:40.701367
57,Lucia,40,,,2023-08-21 17:25:40.701369
58,Lucia,30,São Paulo,,2023-07-23 17:25:40.701372
59,Ana,40,,,2025-06-10 17:25:40.701374
60,Carlos,30,Salvador,,2025-01-03 17:25:40.701377
61,Felipe,30,Belo Horizonte,,2025-02-10 17:25:40.701379
62,Lucia,40,Curitiba,2215.86,2025-04-23 17:25:40.701382
63,Lucia,,Belo Horizonte,4833.86,2023-10-15 17:25:40.701384
64,João,30,,3817.82,2023-03-27 17:25:40.701387
65,Felipe,30,Belo Horizonte,5542.4,2023-07-15 17:25:40.701390
66,Pedro,40,São Paulo,3985.18,2024-08-07 17:25:40.701394
67,Lucia,30,São Paulo,3645.3,2024-08-28 17:25:40.701399
68,Mariana,30,São Paulo,5213.57,2024-01-02 17:25:40.701404
69,Felipe,40,Belo Horizonte,4510.14,2024-05-03 17:25:40.701408
70,Maria,40,Curitiba,3303.74,2023-01-01 17:25:40.701414
71,Ana,25,Belo Horizonte,2405.9,2023-09-05 17:25:40.701416
72,Carlos,,Belo Horizonte,1128.38,2024-02-01 17:25:40.701419
73,Lucia,,Salvador,3062.33,2023-11-09 17:25:40.701421
74,Maria,30,Rio de Janeiro,2313.66,2024-01-29 17:25:40.701424
75,Carlos,,São Paulo,6097.7,2023-11-12 17:25:40.701427
76,Maria,30,Curitiba,2849.63,2025-04-21 17:25:40.701429
77,Mariana,25,Salvador,2822.29,2023-04-27 17:25:40.701432
78,Ana,40,,1978.76,2023-05-06 17:25:40.701435
79,Pedro,40,,3233.68,2025-05-04 17:25:40.701437
80,Felipe,40,Belo Horizonte,2835.47,2024-11-26 17:25:40.701440
81,João,,Belo Horizonte,5237.73,2024-08-04 17:25:40.701442
82,Felipe,25,,3668.48,2023-11-18 17:25:40.701445
83,João,,Belo Horizonte,3491.14,2024-11-16 17:25:40.701447
84,Lucia,,,3365.33,2024-12-24 17:25:40.701450
85,Ana,25,Rio de Janeiro,4286.17,2024-02-13 17:25:40.701452
86,João,25,Salvador,3047.67,2024-04-25 17:25:40.701455
87,Felipe,25,Salvador,4167.21,2025-05-16 17:25:40.701457
88,Felipe,25,Belo Horizonte,5113.97,2023-03-31 17:25:40.701460
89,João,40,Rio de Janeiro,3960.08,2024-08-17 17:25:40.701462
90,João,35,Belo Horizonte,3250.27,2023-12-10 17:25:40.701465
91,Carlos,35,Salvador,2546.54,2023-08-12 17:25:40.701467
92,Lucia,25,,3224.88,2023-07-20 17:25:40.701470
93,Carlos,35,Curitiba,4063.08,2024-03-15 17:25:40.701472
94,Maria,35,Rio de Janeiro,1967.47,2024-01-29 17:25:40.701475
95,João,25,,4331.54,2024-11-20 17:25:40.701477
96,Felipe,35,São Paulo,3707.61,2025-02-09 17:25:40.701480
97,Felipe,,Rio de Janeiro,3350.81,2025-03-24 17:25:40.701482
98,Lucia,30,Rio de Janeiro,2840.59,2025-03-21 17:25:40.701485
99,Carlos,30,Curitiba,3023.62,2024-12-05 17:25:40.701487
100,Ana,25,Rio de Janeiro,4097.31,2022-12-03 17:25:40.701490
101,João,40,Rio de Janeiro,3371.79,2022-12-25 17:25:40.701492
102,Felipe,25,Belo Horizonte,2998.86,2023-01-01 17:25:40.701495
103,Lucia,40,Rio de Janeiro,3968.56,2024-08-14 17:25:40.701498
104,Carlos,30,Salvador,4008.19,2024-07-19 17:25:40.701500
105,Pedro,25,São Paulo,2250.82,2025-06-18 17:25:40.701503
106,Maria,,Salvador,4071.48,2023-08-15 17:25:40.701505
107,Maria,35,,6001.7,2025-05-24 17:25:40.701508
108,Mariana,40,Belo Horizonte,3969.62,2023-09-14 17:25:40.701510
109,Ana,35,Salvador,1800.99,2023-11-25 17:25:40.701512
110,Pedro,35,,3677.38,2025-02-25 17:25:40.701515
111,Mariana,25,Rio de Janeiro,1669.18,2024-03-02 17:25:40.701518
112,Maria,35,São Paulo,6667.37,2023-07-18 17:25:40.701520
113,Mariana,,,5735.67,2023-05-02 17:25:40.701523
114,Lucia,35,São Paulo,2834.06,2024-07-11 17:25:40.701526
115,Ana,25,Curitiba,1254.33,2023-10-22 17:25:40.701528
116,Ana,,Salvador,2621.63,2024-12-31 17:25:40.701531
117,Pedro,30,Rio de Janeiro,3319.01,2025-05-25 17:25:40.701534
118,Pedro,35,Curitiba,1738.14,2024-04-03 17:25:40.701536
119,Carlos,25,São Paulo,3430.98,2022-11-26 17:25:40.701552
120,Felipe,30,Salvador,3312.42,2024-11-30 17:25:40.701555
121,Felipe,30,Belo Horizonte,3625.15,2022-12-01 17:25:40.701558
122,Maria,40,Belo Horizonte,3729.65,2024-06-27 17:25:40.701560
123,Lucia,,Curitiba,2534.38,2024-06-14 17:25:40.701563
124,Ana,35,Salvador,2646.59,2023-06-10 17:25:40.701565
125,Mariana,25,Rio de Janeiro,3545.59,2024-10-29 17:25:40.701568
126,João,40,Curitiba,2869.01,2023-05-26 17:25:40.701570
127,Ana,,Curitiba,4407.49,2025-01-16 17:25:40.701573
128,Pedro,40,,3535.89,2023-10-31 17:25:40.701576
129,Pedro,,Curitiba,5365.0,2024-06-09 17:25:40.701578
130,Pedro,,Salvador,4320.48,2025-03-25 17:25:40.701581
131,Ana,35,Rio de Janeiro,4603.71,2023-03-17 17:25:40.701584
132,Carlos,,Curitiba,3632.57,2025-01-20 17:25:40.701586
133,Felipe,40,,3657.36,2023-08-24 17:25:40.701589
134,Lucia,,,5231.32,2022-11-25 17:25:40.701591
135,João,35,Salvador,3121.71,2025-07-07 17:25:40.701594
136,Ana,35,Salvador,4046.78,2024-06-03 17:25:40.701596
137,Ana,40,Belo Horizonte,3233.76,2024-06-23 17:25:40.701599
138,Carlos,30,Rio de Janeiro,3231.36,2024-12-31 17:25:40.701602
139,João,30,São Paulo,2331.1,2025-04-24 17:25:40.701605
140,João,,,2757.49,2022-11-06 17:25:40.701607
141,Maria,25,Rio de Janeiro,2571.73,2022-12-12 17:25:40.701609
142,Ana,,São Paulo,4094.37,2024-01-18 17:25:40.701612
143,Carlos,40,Curitiba,4540.21,2023-06-14 17:25:40.701615
144,Felipe,40,,3405.25,2024-01-02 17:25:40.701617
145,Carlos,40,Salvador,3729.63,2023-05-02 17:25:40.701620
146,Mariana,40,Curitiba,3347.53,2025-06-18 17:25:40.701622
147,Maria,40,Rio de Janeiro,2689.22,2023-06-10 17:25:40.701625
148,Maria,35,São Paulo,4362.26,2025-05-05 17:25:40.701627
149,Ana,30,Rio de Janeiro,4152.53,2025-07-11 17:25:40.701630
150,Felipe,40,Rio de Janeiro,1607.45,2025-04-04 17:25:40.701633
151,João,25,,3216.89,2024-06-23 17:25:40.701635
152,Lucia,25,São Paulo,2617.97,2024-04-11 17:25:40.701638
153,Pedro,25,São Paulo,3109.06,2024-12-29 17:25:40.701640
154,Ana,25,Rio de Janeiro,2829.57,2023-03-31 17:25:40.701643
155,Maria,35,Rio de Janeiro,3453.58,2024-02-21 17:25:40.701646
156,Lucia,25,,3170.09,2023-01-06 17:25:40.701648
157,Carlos,40,,3148.86,2024-10-30 17:25:40.701651
158,Pedro,,Salvador,4607.39,2023-08-23 17:25:40.701653
159,Carlos,25,Curitiba,4057.18,2025-03-24 17:25:40.701656
160,João,35,Rio de Janeiro,2796.11,2023-04-30 17:25:40.701658
161,Carlos,35,Rio de Janeiro,2944.45,2025-02-17 17:25:40.701661
162,Felipe,25,,3991.79,2023-10-17 17:25:40.701663
163,Carlos,,Salvador,3990.42,2023-04-10 17:25:40.701666
164,Maria,25,Belo Horizonte,2896.22,2024-09-10 17:25:40.701668
165,Lucia,35,São Paulo,3266.01,2025-03-10 17:25:40.701671
166,João,30,Belo Horizonte,5346.81,2024-02-05 17:25:40.701675
167,Mariana,40,São Paulo,2913.45,2024-12-07 17:25:40.701680
168,Mariana,35,Salvador,5410.8,2023-11-23 17:25:40.701685
169,Maria,25,Belo Horizonte,4603.67,2024-08-28 17:25:40.701689
170,Mariana,40,Belo Horizonte,5225.42,2023-01-14 17:25:40.701693
171,Ana,25,,2870.93,2022-12-21 17:25:40.701698
172,Lucia,25,Curitiba,3331.44,2023-04-02 17:25:40.701703
173,Pedro,30,Curitiba,3050.84,2024-09-01 17:25:40.701716
174,Mariana,40,Belo Horizonte,4626.75,2025-04-03 17:25:40.701720
175,Lucia,40,Curitiba,2932.32,2024-03-15 17:25:40.701722
176,Mariana,30,,4231.22,2023-04-12 17:25:40.701725
177,Pedro,35,Salvador,4178.3,2024-02-18 17:25:40.701727
178,Mariana,25,,3451.97,2025-07-29 17:25:40.701730
179,Ana,,Curitiba,4798.66,2024-10-24 17:25:40.701733
180,Lucia,25,Salvador,3607.68,2024-05-23 17:25:40.701735
181,Felipe,25,Salvador,4334.09,2024-12-02 17:25:40.701740
182,Pedro,35,São Paulo,3005.3,2024-03-06 17:25:40.701744
183,João,25,Belo Horizonte,2776.56,2025-03-01 17:25:40.701749
184,Lucia,30,Rio de Janeiro,4231.15,2025-05-04 17:25:40.701753
185,Pedro,30,Belo Horizonte,3930.84,2023-12-06 17:25:40.701757
186,Ana,40,Salvador,3743.31,2024-08-06 17:25:40.701762
187,Felipe,,Salvador,3156.31,2025-02-18 17:25:40.701767
188,Lucia,25,Belo Horizonte,5049.21,2024-10-31 17:25:40.701773
189,Pedro,25,Curitiba,2383.41,2023-01-19 17:25:40.701776
190,Maria,35,,2328.66,2024-07-04 17:25:40.701778
191,Felipe,30,Belo Horizonte,4442.17,2024-02-23 17:25:40.701781
192,Felipe,,São Paulo,4360.1,2024-10-07 17:25:40.701784
193,Carlos,40,Rio de Janeiro,3853.76,2023-02-11 17:25:40.701786
194,Pedro,30,Salvador,3212.05,2025-03-09 17:25:40.701789
195,João,40,Rio de Janeiro,4002.42,2024-12-19 17:25:40.701791
196,Felipe,35,Belo Horizonte,5220.83,2024-07-04 17:25:40.701794
197,Mariana,35,São Paulo,6015.55,2023-03-06 17:25:40.701797
198,Carlos,25,Salvador,1843.59,2023-11-10 17:25:40.701799
199,Felipe,,Salvador,3081.08,2024-04-25 17:25:40.701803
200,Felipe,40,São Paulo,3018.23,2023-12-26 17:25:40.701806
201,Lucia,30,Belo Horizonte,5126.52,2024-05-26 17:25:40.701808
202,Pedro,35,Salvador,1018.71,2025-07-20 17:25:40.701811
203,Felipe,25,Salvador,4013.84,2024-10-11 17:25:40.701816
204,Ana,25,Belo Horizonte,3243.19,2024-09-29 17:25:40.701818
205,Lucia,40,Belo Horizonte,5138.11,2024-04-26 17:25:40.701821
206,Pedro,35,Salvador,5001.04,2023-10-15 17:25:40.701824
207,Carlos,,,3865.51,2024-10-04 17:25:40.701827
208,Carlos,35,Salvador,1920.28,2024-09-22 17:25:40.701830
209,Ana,40,Rio de Janeiro,2926.11,2024-01-18 17:25:40.701832
210,Maria,40,,3035.61,2024-04-12 17:25:40.701835
211,Lucia,35,Rio de Janeiro,2173.55,2024-05-01 17:25:40.701837
212,Maria,40,Salvador,4654.58,2023-08-28 17:25:40.701840
213,Ana,35,Curitiba,2046.57,2024-11-11 17:25:40.701843
214,Pedro,30,Salvador,5465.33,2022-12-09 17:25:40.701845
215,Lucia,35,Rio de Janeiro,5462.82,2024-07-31 17:25:40.701848
216,Carlos,35,Salvador,3114.94,2025-05-14 17:25:40.701851
217,Felipe,40,,3828.5,2024-05-11 17:25:40.701853
218,Mariana,40,São Paulo,3427.72,2024-06-07 17:25:40.701856
219,Pedro,25,Salvador,4401.82,2024-02-22 17:25:40.701859
220,Ana,25,Rio de Janeiro,4774.68,2025-02-21 17:25:40.701861
221,João,30,,3758.0,2023-06-26 17:25:40.701864
222,Felipe,25,Salvador,3969.12,2025-02-05 17:25:40.701866
223,Carlos,35,Curitiba,2879.4,2025-02-20 17:25:40.701869
224,Maria,40,São Paulo,3936.71,2024-10-27 17:25:40.701872
225,João,25,Salvador,3662.76,2022-11-24 17:25:40.701874
226,João,25,,2588.21,2025-04-01 17:25:40.701877
227,Mariana,30,Rio de Janeiro,3485.96,2024-11-29 17:25:40.701879
228,Pedro,30,Salvador,3116.82,2023-10-16 17:25:40.701882
229,Ana,35,,2890.5,2022-11-18 17:25:40.701885
230,Maria,40,Rio de Janeiro,2353.51,2024-09-03 17:25:40.701887
231,Lucia,30,,3562.5,2023-10-17 17:25:40.701890
232,Felipe,25,São Paulo,2719.53,2024-10-17 17:25:40.701893
233,Lucia,40,Belo Horizonte,3028.89,2024-06-20 17:25:40.701896
234,Ana,40,Belo Horizonte,4575.12,2025-02-24 17:25:40.701899
235,Carlos,25,São Paulo,4132.12,2024-05-07 17:25:40.701901
236,Carlos,30,Curitiba,2521.23,2024-04-02 17:25:40.701904
237,Carlos,25,Salvador,3851.89,2022-12-01 17:25:40.701907
238,Mariana,40,São Paulo,3632.78,2024-07-18 17:25:40.701909
239,Felipe,,,5201.7,2024-01-26 17:25:40.701912
240,Maria,,,4883.15,2023-08-04 17:25:40.701915
241,Pedro,35,Rio de Janeiro,1966.25,2025-03-17 17:25:40.701917
242,Mariana,25,Salvador,4361.13,2024-04-28 17:25:40.701920
243,Carlos,25,Salvador,4765.2,2023-10-25 17:25:40.701923
244,Pedro,35,,4059.36,2023-08-12 17:25:40.701925
245,Felipe,35,Curitiba,3164.59,2025-05-10 17:25:40.701928
246,João,35,,5913.39,2023-09-09 17:25:40.701931
247,Mariana,40,São Paulo,4151.41,2023-08-12 17:25:40.701934
248,Maria,25,Curitiba,5476.54,2023-02-05 17:25:40.701936
249,Pedro,40,Curitiba,4851.48,2024-03-19 17:25:40.701939
250,João,35,São Paulo,3964.13,2024-11-23 17:25:40.701942
251,Felipe,25,Curitiba,2920.3,2025-02-11 17:25:40.701945
252,Ana,40,São Paulo,3475.9,2025-07-25 17:25:40.701947
253,Lucia,40,,3278.09,2023-11-18 17:25:40.701950
254,Mariana,35,Belo Horizonte,2285.48,2025-02-10 17:25:40.701952
255,Ana,25,,4150.28,2023-08-21 17:25:40.701955
256,Lucia,35,Belo Horizonte,5067.35,2023-12-03 17:25:40.701958
257,Ana,25,Rio de Janeiro,3201.7,2024-09-13 17:25:40.701961
258,Felipe,,Curitiba,5663.66,2023-02-17 17:25:40.701963
259,Carlos,30,Belo Horizonte,1942.42,2023-01-18 17:25:40.701966
260,Felipe,30,São Paulo,4554.36,2025-01-13 17:25:40.701969
261,João,30,,5171.52,2023-10-03 17:25:40.701972
262,Ana,35,Curitiba,3295.97,2024-05-13 17:25:40.701975
263,Pedro,,Rio de Janeiro,3313.94,2023-05-05 17:25:40.701977
264,Lucia,25,Belo Horizonte,4542.77,2023-08-12 17:25:40.701980
265,Mariana,40,,4005.99,2024-03-17 17:25:40.701983
266,Carlos,25,São Paulo,1502.59,2023-10-04 17:25:40.701985
267,Pedro,40,,2656.63,2023-02-16 17:25:40.701988
268,Felipe,25,Belo Horizonte,3486.45,2023-08-14 17:25:40.701991
269,Lucia,,Rio de Janeiro,2130.3,2024-07-19 17:25:40.701993
270,Lucia,40,Curitiba,3025.83,2024-07-27 17:25:40.701996
271,João,35,Belo Horizonte,2155.31,2025-03-07 17:25:40.701999
272,Carlos,25,Salvador,3129.83,2024-09-19 17:25:40.702002
273,Maria,25,Belo Horizonte,3163.38,2024-03-29 17:25:40.702004
274,Ana,40,,3851.75,2023-01-02 17:25:40.702007
275,Maria,35,,3408.24,2023-10-12 17:25:40.702010
276,Pedro,35,Curitiba,4002.79,2025-07-17 17:25:40.702012
277,Maria,,,3883.54,2025-06-15 17:25:40.702015
278,Mariana,35,Belo Horizonte,4531.34,2023-01-03 17:25:40.702018
279,Maria,35,Salvador,4373.78,2023-01-10 17:25:40.702021
280,Felipe,35,Curitiba,4268.12,2024-02-02 17:25:40.702024
281,João,30,Belo Horizonte,6604.87,2025-01-11 17:25:40.702026
282,Lucia,,,3847.4,2025-07-04 17:25:40.702029
283,Lucia,25,Belo Horizonte,6093.57,2023-09-29 17:25:40.702032
284,Felipe,40,Rio de Janeiro,3912.22,2023-07-02 17:25:40.702035
285,Ana,25,Curitiba,3417.15,2023-07-05 17:25:40.702038
286,Maria,,Curitiba,3126.83,2024-08-22 17:25:40.702040
287,Felipe,40,Salvador,5009.73,2024-08-31 17:25:40.702043
288,Carlos,,Curitiba,5140.5,2023-08-19 17:25:40.702046
289,Pedro,35,São Paulo,4099.78,2022-11-13 17:25:40.702048
290,Maria,40,,4633.55,2024-05-04 17:25:40.702051
291,João,35,Salvador,2222.78,2025-05-13 17:25:40.702054
292,Lucia,25,Curitiba,1951.22,2023-10-08 17:25:40.702056
293,Pedro,25,,4746.33,2023-02-18 17:25:40.702059
294,Carlos,40,Salvador,3373.19,2025-02-03 17:25:40.702062
295,Mariana,40,São Paulo,4249.3,2024-02-27 17:25:40.702064
296,Pedro,,Belo Horizonte,2782.71,2024-06-01 17:25:40.702067
297,Maria,,Salvador,5156.99,2025-06-27 17:25:40.702070
298,Ana,35,Curitiba,1959.58,2023-01-16 17:25:40.702073
299,Pedro,40,Salvador,2114.41,2024-09-24 17:25:40.702075
300,Ana,25,Belo Horizonte,4944.31,2024-10-11 17:25:40.702080
301,Lucia,,Rio de Janeiro,890.16,2025-04-23 17:25:40.702084
302,Carlos,,Curitiba,3878.57,2025-02-05 17:25:40.702090
303,João,25,Rio de Janeiro,3392.67,2025-02-17 17:25:40.702095
304,João,,,2764.05,2025-02-15 17:25:40.702108
305,Lucia,35,Salvador,3300.06,2025-04-12 17:25:40.702112
306,Mariana,40,Belo Horizonte,2652.48,2025-01-18 17:25:40.702115
307,Pedro,25,São Paulo,5042.26,2023-04-16 17:25:40.702117
308,Mariana,40,Rio de Janeiro,5304.5,2023-03-22 17:25:40.702120
309,Ana,,Belo Horizonte,2814.26,2025-04-07 17:25:40.702122
310,João,,Salvador,3775.52,2024-08-13 17:25:40.702126
311,Ana,25,Belo Horizonte,2174.92,2025-04-20 17:25:40.702128
312,Maria,35,Belo Horizonte,4573.05,2024-07-01 17:25:40.702131
313,Mariana,30,Belo Horizonte,4547.01,2023-09-05 17:25:40.702133
314,João,25,São Paulo,3204.74,2023-04-11 17:25:40.702136
315,Carlos,30,Belo Horizonte,3516.89,2023-05-12 17:25:40.702139
316,Carlos,30,Curitiba,3406.23,2025-07-02 17:25:40.702144
317,Maria,35,Salvador,1881.54,2024-10-29 17:25:40.702148
318,João,30,São Paulo,5046.0,2023-11-28 17:25:40.702153
319,Felipe,30,Rio de Janeiro,2733.05,2024-04-18 17:25:40.702161
320,Maria,35,Belo Horizonte,2739.85,2025-01-11 17:25:40.702166
321,Carlos,30,Rio de Janeiro,3349.58,2022-12-13 17:25:40.702171
322,João,30,Curitiba,4495.55,2023-04-27 17:25:40.702176
323,Felipe,30,Salvador,2908.7,2022-11-18 17:25:40.702180
324,Ana,25,São Paulo,1547.81,2023-08-05 17:25:40.702183
325,Pedro,25,São Paulo,2613.0,2023-04-24 17:25:40.702186
326,Mariana,25,Salvador,3924.14,2024-05-07 17:25:40.702188
327,Pedro,35,São Paulo,5689.75,2023-08-09 17:25:40.702191
328,Lucia,,Curitiba,2240.08,2024-06-23 17:25:40.702194
329,Lucia,30,São Paulo,2203.5,2023-10-31 17:25:40.702197
330,João,30,Curitiba,1987.4,2023-06-10 17:25:40.702199
331,João,35,Salvador,1863.28,2025-01-27 17:25:40.702202
332,João,30,São Paulo,4705.69,2025-05-25 17:25:40.702204
333,Carlos,25,Salvador,4994.69,2025-07-10 17:25:40.702207
334,Maria,,Rio de Janeiro,3677.76,2023-11-18 17:25:40.702209
335,Maria,40,Rio de Janeiro,3032.29,2023-06-24 17:25:40.702212
336,Felipe,30,Rio de Janeiro,5291.14,2024-08-17 17:25:40.702214
337,João,25,Curitiba,3673.91,2023-12-11 17:25:40.702217
338,Lucia,40,,4589.44,2024-12-08 17:25:40.702219
339,Carlos,,Salvador,2983.55,2023-05-06 17:25:40.702222
340,João,40,Salvador,3544.24,2023-05-04 17:25:40.702224
341,Pedro,25,Salvador,2262.66,2022-12-11 17:25:40.702227
342,Mariana,40,Salvador,4129.25,2023-07-12 17:25:40.702229
343,Lucia,35,,3690.94,2022-12-29 17:25:40.702232
344,Maria,40,Belo Horizonte,2605.44,2024-11-13 17:25:40.702234
345,Carlos,30,Belo Horizonte,2618.89,2023-08-17 17:25:40.702237
346,Lucia,30,São Paulo,5115.96,2023-01-25 17:25:40.702239
347,João,35,Belo Horizonte,5471.67,2024-08-30 17:25:40.702242
348,Ana,25,São Paulo,3286.86,2023-04-11 17:25:40.702244
349,Felipe,30,Salvador,3567.75,2023-02-10 17:25:40.702247
350,Pedro,,Curitiba,3900.11,2024-06-13 17:25:40.702250
351,João,30,Rio de Janeiro,3648.03,2025-04-16 17:25:40.702252
352,Lucia,30,Belo Horizonte,1825.7,2025-03-18 17:25:40.702254
353,Maria,25,,3927.87,2025-06-19 17:25:40.702257
354,Ana,40,São Paulo,1412.11,2024-09-27 17:25:40.702260
355,Pedro,30,,2767.32,2025-07-04 17:25:40.702263
356,Carlos,35,São Paulo,4005.43,2023-10-21 17:25:40.702265
357,Felipe,40,,4099.99,2025-06-01 17:25:40.702268
358,Ana,,São Paulo,2689.93,2022-11-13 17:25:40.702271
359,Felipe,25,,3041.56,2024-07-28 17:25:40.702274
360,Lucia,,Curitiba,2906.16,2024-11-29 17:25:40.702276
361,Pedro,40,Belo Horizonte,3397.16,2024-04-09 17:25:40.702279
362,Pedro,40,,3473.21,2022-12-02 17:25:40.702281
363,Lucia,40,São Paulo,4168.47,2024-04-07 17:25:40.702284
364,Mariana,,São Paulo,2983.1,2024-09-06 17:25:40.702286
365,Felipe,40,Belo Horizonte,3873.4,2023-08-22 17:25:40.702289
366,Ana,,Curitiba,4007.02,2023-11-13 17:25:40.702291
367,Pedro,40,Curitiba,3698.29,2023-09-29 17:25:40.702294
368,João,35,Salvador,3240.39,2023-06-25 17:25:40.702296
369,Maria,40,,3680.65,2023-03-07 17:25:40.702299
370,João,,Belo Horizonte,4251.74,2023-04-30 17:25:40.702302
371,Mariana,30,Belo Horizonte,4339.18,2024-08-17 17:25:40.702304
372,Mariana,40,Rio de Janeiro,5315.37,2023-06-04 17:25:40.702307
373,Lucia,30,Curitiba,2509.97,2024-07-05 17:25:40.702310
374,Maria,35,Belo Horizonte,3059.99,2024-05-18 17:25:40.702314
375,Ana,25,Rio de Janeiro,1886.53,2022-12-01 17:25:40.702319
376,João,35,,4431.01,2025-02-12 17:25:40.702323
377,Carlos,40,Curitiba,3165.49,2024-08-27 17:25:40.702328
378,Mariana,30,,3706.19,2025-07-22 17:25:40.702334
379,Carlos,30,Curitiba,2895.66,2024-02-14 17:25:40.702337
380,Maria,,Belo Horizonte,3173.3,2025-03-27 17:25:40.702339
381,Carlos,30,Belo Horizonte,4723.19,2023-08-17 17:25:40.702342
382,Lucia,,Belo Horizonte,4194.23,2024-05-27 17:25:40.702344
383,Felipe,25,Curitiba,3388.48,2023-01-02 17:25:40.702347
384,Ana,40,Curitiba,4267.81,2024-01-17 17:25:40.702349
385,Mariana,,São Paulo,4289.9,2024-05-27 17:25:40.702352
386,Felipe,25,Rio de Janeiro,3108.57,2023-10-26 17:25:40.702354
387,Maria,30,,2030.92,2023-02-17 17:25:40.702357
388,Ana,30,,2600.84,2023-08-14 17:25:40.702359
389,Ana,25,Curitiba,2159.47,2024-02-12 17:25:40.702362
390,Carlos,30,Salvador,4664.43,2024-06-04 17:25:40.702364
391,Mariana,25,Salvador,4838.12,2023-04-05 17:25:40.702367
392,Lucia,,Salvador,5086.37,2023-03-16 17:25:40.702369
393,Mariana,,Curitiba,1480.44,2025-05-21 17:25:40.702372
394,Ana,25,Belo Horizonte,4571.4,2025-05-28 17:25:40.702374
395,Maria,,Curitiba,5712.19,2025-06-06 17:25:40.702377
396,Ana,,Belo Horizonte,4611.99,2023-02-03 17:25:40.702379
397,Pedro,,São Paulo,1348.77,2023-02-22 17:25:40.702382
398,Felipe,35,Belo Horizonte,5268.3,2023-05-29 17:25:40.702384
399,Ana,40,Curitiba,3541.69,2023-06-11 17:25:40.702387
400,João,30,Rio de Janeiro,3267.6,2023-12-11 17:25:40.702389
401,Carlos,35,São Paulo,3951.1,2025-04-26 17:25:40.702392
402,Carlos,,Salvador,2450.99,2024-06-15 17:25:40.702396
403,Lucia,25,Rio de Janeiro,3502.78,2023-07-06 17:25:40.702399
404,Mariana,,Curitiba,5120.43,2025-02-06 17:25:40.702401
405,Felipe,40,Curitiba,4122.4,2023-09-28 17:25:40.702403
406,Carlos,,Salvador,3558.4,2024-05-20 17:25:40.702406
407,Pedro,25,,3589.61,2023-04-23 17:25:40.702409
408,Ana,40,Curitiba,2318.61,2022-12-31 17:25:40.702411
409,Maria,,Salvador,3350.01,2023-03-26 17:25:40.702414
410,João,40,Rio de Janeiro,1865.7,2023-05-16 17:25:40.702416
411,Pedro,30,,4522.44,2025-06-04 17:25:40.702419
412,Ana,30,São Paulo,1314.29,2024-10-12 17:25:40.702421
413,Mariana,,São Paulo,4354.9,2025-02-08 17:25:40.702424
414,Lucia,40,Rio de Janeiro,4479.41,2022-12-02 17:25:40.702426
415,Ana,25,Curitiba,4818.76,2024-01-03 17:25:40.702429
416,Carlos,,Salvador,3586.86,2025-07-06 17:25:40.702431
417,Mariana,30,Rio de Janeiro,4416.63,2024-12-30 17:25:40.702434
418,Pedro,30,Curitiba,3340.25,2023-01-14 17:25:40.702436
419,Lucia,,Rio de Janeiro,2313.3,2024-02-13 17:25:40.702439
420,Lucia,40,Curitiba,5030.73,2024-07-26 17:25:40.702441
421,Maria,30,Belo Horizonte,3403.11,2023-05-17 17:25:40.702444
422,Lucia,40,São Paulo,2090.49,2024-10-07 17:25:40.702446
423,Mariana,30,Curitiba,3033.19,2024-04-16 17:25:40.702449
424,Mariana,30,Salvador,3072.68,2024-08-31 17:25:40.702451
425,Carlos,35,Curitiba,3961.7,2024-05-15 17:25:40.702454
426,Lucia,30,Rio de Janeiro,5847.05,2024-08-12 17:25:40.702456
427,Carlos,25,Belo Horizonte,4022.42,2024-02-05 17:25:40.702459
428,Felipe,,Rio de Janeiro,3706.84,2025-04-02 17:25:40.702462
429,Lucia,,Curitiba,5955.78,2023-09-12 17:25:40.702466
430,Ana,40,,4478.89,2025-05-06 17:25:40.702471
431,Pedro,30,Belo Horizonte,3754.25,2025-03-19 17:25:40.702476
432,Mariana,25,São Paulo,3020.59,2022-12-28 17:25:40.702480
433,Pedro,40,Salvador,3816.2,2024-07-16 17:25:40.702486
434,Maria,35,Belo Horizonte,3433.61,2024-05-29 17:25:40.702489
435,Maria,40,Salvador,3591.43,2024-01-10 17:25:40.702491
436,Felipe,40,,4814.4,2023-02-15 17:25:40.702494
437,Maria,30,Curitiba,2959.68,2023-10-06 17:25:40.702496
438,Lucia,35,Curitiba,4013.54,2023-01-03 17:25:40.702499
439,Felipe,40,Rio de Janeiro,4448.94,2024-09-04 17:25:40.702502
440,Lucia,25,Curitiba,2837.89,2024-09-23 17:25:40.702504
441,Carlos,25,Rio de Janeiro,2677.38,2023-06-15 17:25:40.702507
442,Mariana,,,3349.66,2025-03-01 17:25:40.702509
443,Ana,35,,3038.37,2023-12-26 17:25:40.702512
444,Maria,35,Curitiba,4652.33,2024-04-19 17:25:40.702514
445,Felipe,,São Paulo,2498.23,2025-02-28 17:25:40.702517
446,Pedro,40,,3568.47,2023-04-12 17:25:40.702519
447,Pedro,35,Curitiba,6046.05,2025-03-24 17:25:40.702522
448,Pedro,25,,3913.06,2023-09-25 17:25:40.702524
449,Ana,25,Belo Horizonte,4079.29,2024-01-03 17:25:40.702527
450,Felipe,30,São Paulo,4660.68,2024-09-24 17:25:40.702529
451,Mariana,35,Curitiba,3037.05,2024-01-02 17:25:40.702532
452,Maria,40,Salvador,2418.58,2025-02-02 17:25:40.702534
453,Maria,,Curitiba,3676.51,2024-10-23 17:25:40.702537
454,Pedro,,Belo Horizonte,3765.4,2023-06-08 17:25:40.702539
455,Maria,40,São Paulo,1881.79,2023-05-22 17:25:40.702542
456,Carlos,30,Rio de Janeiro,3875.07,2025-04-29 17:25:40.702545
457,Felipe,,São Paulo,4569.85,2025-07-26 17:25:40.702547
458,Mariana,35,Curitiba,2587.05,2023-04-16 17:25:40.702560
459,João,30,Rio de Janeiro,3935.56,2023-05-27 17:25:40.702563
460,Pedro,35,São Paulo,4392.26,2023-01-29 17:25:40.702565
461,Felipe,25,Curitiba,4086.68,2023-08-22 17:25:40.702568
462,Pedro,30,Belo Horizonte,4181.01,2024-03-08 17:25:40.702570
463,Mariana,,Rio de Janeiro,3255.2,2025-07-24 17:25:40.702573
464,Mariana,30,São Paulo,2372.5,2024-02-15 17:25:40.702576
465,Mariana,30,Salvador,3052.85,2025-03-02 17:25:40.702578
466,Lucia,30,,2913.94,2024-05-20 17:25:40.702581
467,Maria,30,São Paulo,3419.74,2023-06-12 17:25:40.702583
468,Ana,35,,4593.27,2024-06-14 17:25:40.702586
469,Mariana,25,Salvador,2188.16,2025-01-22 17:25:40.702588
470,João,40,Rio de Janeiro,3644.25,2024-10-22 17:25:40.702591
471,Carlos,30,Salvador,2436.6,2025-01-30 17:25:40.702594
472,Carlos,,Belo Horizonte,2759.95,2023-08-09 17:25:40.702596
473,Mariana,30,Curitiba,4058.74,2023-12-28 17:25:40.702599
474,Ana,,Belo Horizonte,2310.05,2025-05-08 17:25:40.702601
475,Lucia,35,São Paulo,4234.24,2024-04-27 17:25:40.702604
476,Ana,,Belo Horizonte,2147.84,2023-06-21 17:25:40.702606
477,Pedro,40,Rio de Janeiro,4166.98,2023-08-09 17:25:40.702609
478,Pedro,25,Belo Horizonte,1950.47,2025-06-11 17:25:40.702612
479,Felipe,,Rio de Janeiro,2882.19,2023-04-03 17:25:40.702615
480,João,,Salvador,5396.49,2022-11-17 17:25:40.702617
481,Carlos,25,Belo Horizonte,5208.55,2023-12-13 17:25:40.702620
482,Carlos,40,São Paulo,3087.48,2024-08-23 17:25:40.702622
483,Maria,30,Salvador,3889.96,2024-01-21 17:25:40.702625
484,João,,Belo Horizonte,4704.07,2023-03-12 17:25:40.702627
485,Maria,25,,4181.3,2023-02-08 17:25:40.702630
486,Lucia,35,Belo Horizonte,3226.54,2024-10-15 17:25:40.702632
487,Maria,25,São Paulo,2751.36,2024-12-10 17:25:40.702635
488,Carlos,35,Belo Horizonte,4368.1,2023-01-10 17:25:40.702637
489,João,40,Salvador,4630.7,2023-07-22 17:25:40.702640
490,Lucia,30,Rio de Janeiro,5215.7,2023-06-15 17:25:40.702642
491,Pedro,25,Salvador,1812.75,2023-03-18 17:25:40.702645
492,Maria,,Rio de Janeiro,2246.88,2023-08-08 17:25:40.702647
493,Carlos,40,,4661.92,2025-04-09 17:25:40.702650
494,Ana,25,Rio de Janeiro,1948.47,2025-05-01 17:25:40.702652
495,Ana,,São Paulo,4738.55,2022-11-16 17:25:40.702655
496,Lucia,25,Curitiba,3285.07,2023-06-28 17:25:40.702657
497,Carlos,35,Rio de Janeiro,2979.09,2024-05-02 17:25:40.702660
498,Pedro,25,Belo Horizonte,3705.43,2023-09-02 17:25:40.702662
499,Lucia,25,Rio de Janeiro,2154.63,2023-04-11 17:25:40.702665
500,João,25,São Paulo,4324.01,2023-11-02 17:25:40.702667
501,João,40,Rio de Janeiro,5189.64,2023-04-26 17:25:40.702670
502,Mariana,25,Rio de Janeiro,4370.58,2024-08-27 17:25:40.702672
503,Ana,,Rio de Janeiro,3253.49,2025-05-28 17:25:40.702675
504,Felipe,35,Rio de Janeiro,1961.96,2024-05-18 17:25:40.702678
505,Ana,35,São Paulo,2000.41,2023-06-14 17:25:40.702681
506,Carlos,25,São Paulo,2170.36,2025-05-07 17:25:40.702683
507,João,40,São Paulo,3487.72,2023-10-18 17:25:40.702685
508,Pedro,40,Belo Horizonte,3613.4,2023-02-03 17:25:40.702688
509,Lucia,,,4368.44,2024-05-09 17:25:40.702691
510,Ana,25,Curitiba,1703.97,2023-02-14 17:25:40.702693
511,Pedro,35,Rio de Janeiro,4811.21,2023-12-25 17:25:40.702696
512,Mariana,40,Belo Horizonte,4194.41,2025-05-06 17:25:40.702698
513,Lucia,25,,3173.16,2023-09-17 17:25:40.702701
514,João,40,Curitiba,2310.24,2025-02-28 17:25:40.702706
515,João,40,Rio de Janeiro,4749.14,2024-04-03 17:25:40.702709
516,Mariana,35,Rio de Janeiro,3199.91,2025-07-18 17:25:40.702712
517,João,30,São Paulo,3479.98,2023-12-08 17:25:40.702714
518,Lucia,,São Paulo,3883.61,2024-09-26 17:25:40.702717
519,Lucia,,Belo Horizonte,2586.8,2023-06-20 17:25:40.702719
520,Carlos,35,Salvador,3217.82,2024-03-01 17:25:40.702722
521,Carlos,40,Salvador,4365.32,2023-07-06 17:25:40.702724
522,Felipe,25,São Paulo,4264.1,2025-01-20 17:25:40.702727
523,Maria,40,São Paulo,4273.11,2025-03-08 17:25:40.702730
524,Maria,35,,2344.82,2023-02-27 17:25:40.702732
525,João,,Rio de Janeiro,3263.42,2022-11-13 17:25:40.702735
526,Mariana,40,Salvador,3103.61,2023-03-24 17:25:40.702737
527,Felipe,,Rio de Janeiro,3925.18,2024-03-30 17:25:40.702740
528,Mariana,25,,3835.66,2024-12-15 17:25:40.702743
529,Maria,,Curitiba,3655.43,2023-11-29 17:25:40.702745
530,Carlos,,Belo Horizonte,5965.73,2024-08-02 17:25:40.702749
531,Mariana,30,São Paulo,3209.19,2023-03-08 17:25:40.702754
532,Felipe,30,Rio de Janeiro,3092.18,2023-07-11 17:25:40.702759
533,Felipe,30,Belo Horizonte,2343.25,2025-03-12 17:25:40.702763
534,Ana,,São Paulo,1962.15,2023-04-08 17:25:40.702768
535,Felipe,35,Curitiba,2279.68,2025-02-06 17:25:40.702772
536,João,,Salvador,2781.32,2024-03-27 17:25:40.702777
537,Pedro,35,Curitiba,4810.07,2023-12-17 17:25:40.702787
538,Lucia,35,,3539.16,2023-04-03 17:25:40.702790
539,Pedro,30,,3693.33,2023-09-13 17:25:40.702792
540,Lucia,40,Rio de Janeiro,3403.73,2023-02-15 17:25:40.702795
541,Ana,25,Salvador,3865.3,2023-05-21 17:25:40.702797
542,Pedro,30,Salvador,4902.07,2024-03-12 17:25:40.702800
543,Felipe,30,Salvador,1506.07,2024-09-04 17:25:40.702802
544,Mariana,40,Salvador,4718.34,2023-09-24 17:25:40.702805
545,Pedro,25,Salvador,984.96,2023-11-08 17:25:40.702807
546,Ana,,Belo Horizonte,3528.2,2025-06-17 17:25:40.702810
547,Maria,,São Paulo,5691.91,2023-05-08 17:25:40.702812
548,Pedro,30,Belo Horizonte,4180.66,2024-09-18 17:25:40.702817
549,Pedro,25,,3873.06,2023-01-07 17:25:40.702822
550,Mariana,30,Salvador,5501.95,2022-12-20 17:25:40.702826
551,Ana,35,Curitiba,2796.94,2025-05-21 17:25:40.702830
552,Mariana,30,São Paulo,3933.97,2025-07-31 17:25:40.702835
553,Felipe,30,Rio de Janeiro,4078.12,2023-08-15 17:25:40.702840
554,Carlos,,Rio de Janeiro,2977.6,2025-01-02 17:25:40.702844
555,Ana,,Salvador,3065.89,2023-07-26 17:25:40.702848
556,Lucia,,Rio de Janeiro,2956.22,2023-07-08 17:25:40.702850
557,Ana,35,Curitiba,3587.31,2023-02-08 17:25:40.702853
558,Ana,,Salvador,4046.69,2024-08-14 17:25:40.702855
559,Ana,25,Rio de Janeiro,3623.23,2025-01-01 17:25:40.702858
560,João,40,,4209.46,2023-01-05 17:25:40.702861
561,Ana,25,Salvador,1530.85,2023-05-21 17:25:40.702863
562,Maria,25,,3281.75,2025-07-21 17:25:40.702866
563,Felipe,,,2476.58,2024-10-14 17:25:40.702868
564,Pedro,40,Rio de Janeiro,3801.72,2024-05-02 17:25:40.702871
565,Mariana,40,Belo Horizonte,3786.92,2024-07-24 17:25:40.702873
566,Pedro,40,,3384.38,2024-04-26 17:25:40.702876
567,João,35,São Paulo,4010.28,2024-08-04 17:25:40.702878
568,Carlos,,Curitiba,4497.81,2023-11-13 17:25:40.702881
569,Felipe,40,,3439.48,2024-11-25 17:25:40.702883
570,Mariana,35,Belo Horizonte,2448.31,2025-02-21 17:25:40.702886
571,João,30,,1918.74,2024-04-06 17:25:40.702888
572,João,30,Rio de Janeiro,3536.11,2023-04-24 17:25:40.702891
573,Mariana,35,,3741.87,2023-12-14 17:25:40.702893
574,Maria,35,Rio de Janeiro,2530.48,2024-05-07 17:25:40.702896
575,Ana,,Rio de Janeiro,4225.77,2025-03-24 17:25:40.702899
576,Mariana,,Rio de Janeiro,3041.04,2024-12-18 17:25:40.702901
577,Felipe,30,Salvador,1843.57,2023-04-02 17:25:40.702904
578,Carlos,40,Salvador,4756.44,2022-12-06 17:25:40.702906
579,Lucia,30,São Paulo,4643.99,2024-07-14 17:25:40.702909
580,Carlos,40,,1484.4,2024-05-28 17:25:40.702912
581,Pedro,40,Belo Horizonte,2937.4,2024-10-21 17:25:40.702914
582,Felipe,,São Paulo,2898.42,2025-07-11 17:25:40.702917
583,João,25,Curitiba,5139.49,2023-07-20 17:25:40.702919
584,Mariana,25,Rio de Janeiro,3400.71,2025-07-27 17:25:40.702922
585,Carlos,35,São Paulo,2004.12,2023-08-17 17:25:40.702924
586,Ana,,Belo Horizonte,4382.1,2024-03-01 17:25:40.702927
587,Ana,40,Belo Horizonte,2269.22,2023-12-17 17:25:40.702929
588,Maria,25,Belo Horizonte,3239.66,2023-08-19 17:25:40.702932
589,Ana,40,Curitiba,2730.23,2022-11-19 17:25:40.702935
590,Mariana,25,Salvador,2939.54,2024-01-15 17:25:40.702937
591,Maria,25,Belo Horizonte,4437.26,2023-01-13 17:25:40.702940
592,Maria,25,Curitiba,5021.33,2023-06-07 17:25:40.702942
593,Mariana,,Curitiba,2225.63,2023-06-05 17:25:40.702945
594,Carlos,30,Rio de Janeiro,4126.08,2023-11-19 17:25:40.702959
595,Pedro,40,São Paulo,2767.25,2024-03-20 17:25:40.702963
596,Pedro,,Rio de Janeiro,2798.33,2024-01-04 17:25:40.702967
597,Lucia,,Rio de Janeiro,3990.64,2024-03-10 17:25:40.702972
598,Pedro,,Belo Horizonte,2472.1,2023-07-04 17:25:40.702976
599,Pedro,,Salvador,3970.6,2023-02-09 17:25:40.702981
600,Felipe,,Rio de Janeiro,4230.11,2024-05-28 17:25:40.702986
601,Lucia,35,São Paulo,3067.47,2024-04-08 17:25:40.702988
602,Pedro,40,Rio de Janeiro,4827.08,2023-02-01 17:25:40.702991
603,Felipe,,Curitiba,2227.18,2025-03-09 17:25:40.702993
604,João,40,Salvador,4845.41,2023-03-30 17:25:40.702996
605,Mariana,35,Rio de Janeiro,1556.01,2023-05-30 17:25:40.702999
606,Mariana,35,São Paulo,6199.71,2023-07-23 17:25:40.703001
607,Mariana,40,,3093.8,2023-10-12 17:25:40.703003
608,Carlos,25,,2337.69,2025-07-05 17:25:40.703006
609,Felipe,30,Belo Horizonte,3267.33,2024-04-09 17:25:40.703008
610,Pedro,25,Curitiba,2453.52,2025-06-12 17:25:40.703011
611,João,25,Rio de Janeiro,3886.97,2024-12-26 17:25:40.703013
612,Mariana,25,Belo Horizonte,4867.66,2025-01-08 17:25:40.703015
613,Lucia,,São Paulo,2506.54,2024-05-23 17:25:40.703018
614,Pedro,35,Curitiba,4079.4,2024-03-24 17:25:40.703020
615,Mariana,25,Curitiba,1967.26,2024-04-20 17:25:40.703023
616,Ana,35,Rio de Janeiro,4532.95,2023-12-18 17:25:40.703025
617,João,40,Salvador,3916.24,2025-03-25 17:25:40.703028
618,Ana,30,Belo Horizonte,4576.18,2023-08-10 17:25:40.703031
619,Lucia,40,Belo Horizonte,3377.65,2023-11-16 17:25:40.703033
620,Pedro,40,Rio de Janeiro,3064.84,2025-01-28 17:25:40.703035
621,Carlos,,Curitiba,4316.12,2025-05-29 17:25:40.703038
622,Carlos,30,São Paulo,2191.95,2024-07-12 17:25:40.703041
623,João,40,,1757.18,2023-03-23 17:25:40.703043
624,Felipe,40,Belo Horizonte,3495.04,2025-06-24 17:25:40.703046
625,Ana,30,Rio de Janeiro,3110.4,2024-12-01 17:25:40.703048
626,Lucia,30,Belo Horizonte,4053.83,2023-03-13 17:25:40.703051
627,Pedro,40,Belo Horizonte,4591.55,2024-08-02 17:25:40.703053
628,Ana,30,Rio de Janeiro,4033.01,2022-12-04 17:25:40.703056
629,Lucia,40,Belo Horizonte,4511.9,2023-12-15 17:25:40.703058
630,Felipe,40,Curitiba,3821.05,2024-06-24 17:25:40.703060
631,Felipe,,São Paulo,3994.6,2025-02-11 17:25:40.703063
632,Pedro,25,,3383.34,2023-03-24 17:25:40.703065
633,Carlos,40,Curitiba,3965.05,2024-07-13 17:25:40.703068
634,Mariana,35,Belo Horizonte,3666.65,2024-10-13 17:25:40.703070
635,João,25,,3825.18,2023-08-04 17:25:40.703073
636,Pedro,25,Rio de Janeiro,3333.28,2024-04-15 17:25:40.703075
637,João,25,São Paulo,4308.93,2023-04-15 17:25:40.703078
638,Pedro,,Rio de Janeiro,2789.55,2022-12-30 17:25:40.703080
639,Mariana,40,Curitiba,3481.65,2023-08-31 17:25:40.703083
640,Ana,,São Paulo,4811.78,2025-06-28 17:25:40.703085
641,Ana,40,Belo Horizonte,2551.28,2023-05-23 17:25:40.703088
642,Ana,,Rio de Janeiro,1338.15,2024-01-26 17:25:40.703090
643,Maria,,São Paulo,3866.46,2023-08-20 17:25:40.703093
644,Ana,35,São Paulo,3243.05,2024-06-27 17:25:40.703095
645,João,,Curitiba,4510.86,2023-04-23 17:25:40.703098
646,Carlos,30,,3369.48,2024-03-26 17:25:40.703100
647,Maria,35,Curitiba,2895.66,2024-04-09 17:25:40.703102
648,Lucia,,São Paulo,3424.18,2023-01-09 17:25:40.703105
649,Felipe,25,Belo Horizonte,4593.07,2024-05-31 17:25:40.703107
650,Lucia,30,São Paulo,4075.37,2024-06-30 17:25:40.703110
651,Mariana,30,Curitiba,1066.1,2022-12-13 17:25:40.703112
652,Ana,30,Salvador,3685.77,2025-06-28 17:25:40.703115
653,Maria,35,,3735.76,2024-04-02 17:25:40.703119
654,Lucia,,Rio de Janeiro,3481.75,2024-03-14 17:25:40.703121
655,Mariana,,Salvador,2889.11,2023-02-13 17:25:40.703124
656,Lucia,25,São Paulo,4694.53,2024-05-22 17:25:40.703126
657,Carlos,25,Curitiba,4744.03,2024-01-01 17:25:40.703129
658,Lucia,30,Rio de Janeiro,1296.84,2024-03-29 17:25:40.703131
659,Mariana,25,Salvador,2702.04,2024-06-25 17:25:40.703134
660,Pedro,35,São Paulo,3355.27,2025-06-19 17:25:40.703136
661,Maria,,,4448.51,2025-01-17 17:25:40.703139
662,João,30,São Paulo,3534.85,2024-03-24 17:25:40.703141
663,Carlos,25,Rio de Janeiro,2816.41,2023-09-05 17:25:40.703143
664,Mariana,35,Curitiba,4209.53,2023-02-16 17:25:40.703146
665,Pedro,35,São Paulo,3288.66,2024-01-08 17:25:40.703149
666,Pedro,25,São Paulo,3382.6,2024-06-23 17:25:40.703152
667,Carlos,,,3472.84,2024-03-02 17:25:40.703157
668,Felipe,25,Belo Horizonte,4074.31,2025-05-23 17:25:40.703162
669,João,30,Curitiba,3191.45,2023-11-03 17:25:40.703166
670,Mariana,25,Belo Horizonte,4186.95,2024-08-19 17:25:40.703171
671,Pedro,35,Belo Horizonte,3426.93,2024-06-18 17:25:40.703174
672,Pedro,25,São Paulo,2432.98,2024-08-25 17:25:40.703177
673,Mariana,,São Paulo,3463.22,2024-03-07 17:25:40.703179
674,Lucia,40,São Paulo,2484.79,2024-01-26 17:25:40.703182
675,Maria,25,São Paulo,3540.99,2024-06-06 17:25:40.703185
676,Mariana,,Rio de Janeiro,4329.47,2025-03-27 17:25:40.703187
677,Mariana,,Rio de Janeiro,2426.37,2023-07-29 17:25:40.703190
678,Lucia,35,Salvador,3864.27,2022-11-25 17:25:40.703193
679,João,,Belo Horizonte,2670.96,2023-04-12 17:25:40.703195
680,Carlos,,,3701.7,2024-01-03 17:25:40.703198
681,João,,,4360.2,2023-03-10 17:25:40.703200
682,Carlos,,São Paulo,1370.49,2024-12-30 17:25:40.703203
683,Ana,30,,2385.52,2023-01-31 17:25:40.703205
684,Carlos,30,São Paulo,3131.02,2023-07-02 17:25:40.703208
685,Ana,35,Rio de Janeiro,3815.04,2023-09-14 17:25:40.703210
686,Lucia,25,São Paulo,3333.62,2023-05-22 17:25:40.703213
687,Ana,,Curitiba,3454.12,2023-01-18 17:25:40.703215
688,Maria,25,Rio de Janeiro,5542.98,2024-12-15 17:25:40.703218
689,Lucia,25,São Paulo,2287.54,2024-01-18 17:25:40.703222
690,Pedro,35,Salvador,4635.49,2024-02-15 17:25:40.703227
691,João,,,3150.02,2025-06-04 17:25:40.703232
692,Ana,,,4049.47,2023-10-10 17:25:40.703236
693,Felipe,40,São Paulo,5628.95,2023-04-08 17:25:40.703240
694,Lucia,25,Belo Horizonte,4188.68,2025-03-07 17:25:40.703245
695,João,25,São Paulo,3872.5,2025-01-23 17:25:40.703251
696,Pedro,30,São Paulo,5099.12,2025-03-28 17:25:40.703255
697,Pedro,40,Belo Horizonte,4624.8,2023-06-30 17:25:40.703257
698,Ana,30,Belo Horizonte,2700.61,2024-09-25 17:25:40.703260
699,Ana,30,São Paulo,3794.52,2024-08-22 17:25:40.703262
700,Maria,30,Rio de Janeiro,1782.5,2023-11-18 17:25:40.703265
701,João,35,Salvador,2959.85,2024-09-19 17:25:40.703267
702,Lucia,35,,3814.05,2024-10-06 17:25:40.703270
703,Mariana,30,Rio de Janeiro,2897.89,2023-12-02 17:25:40.703272
704,Lucia,40,Curitiba,3773.37,2023-06-27 17:25:40.703275
705,Pedro,25,Belo Horizonte,3486.62,2025-04-08 17:25:40.703277
706,Lucia,40,São Paulo,4036.42,2022-12-07 17:25:40.703280
707,João,,Belo Horizonte,3075.8,2023-03-07 17:25:40.703282
708,Ana,35,Salvador,2559.85,2023-04-15 17:25:40.703285
709,Mariana,25,Salvador,4978.13,2023-09-19 17:25:40.703287
710,Ana,25,,3004.3,2025-03-26 17:25:40.703290
711,Maria,,São Paulo,4160.01,2023-11-11 17:25:40.703292
712,Felipe,,Rio de Janeiro,4935.25,2023-10-15 17:25:40.703295
713,Maria,30,São Paulo,3662.67,2025-04-10 17:25:40.703297
714,João,35,Belo Horizonte,2643.69,2024-08-24 17:25:40.703300
715,Pedro,35,Belo Horizonte,3321.39,2024-05-08 17:25:40.703302
716,João,40,,4517.54,2023-03-24 17:25:40.703305
717,Pedro,30,Curitiba,3706.25,2025-01-05 17:25:40.703307
718,João,30,Curitiba,2294.86,2022-12-03 17:25:40.703310
719,Felipe,30,,4096.64,2025-04-26 17:25:40.703312
720,Mariana,30,Belo Horizonte,4269.53,2022-11-17 17:25:40.703315
721,Mariana,35,Rio de Janeiro,3144.69,2025-03-05 17:25:40.703317
722,Mariana,35,Curitiba,4110.24,2024-12-18 17:25:40.703320
723,Felipe,30,,3745.02,2025-02-25 17:25:40.703322
724,Mariana,40,Belo Horizonte,3302.57,2023-04-02 17:25:40.703325
725,Maria,25,,2206.46,2024-09-28 17:25:40.703327
726,Lucia,25,Salvador,4577.95,2025-02-18 17:25:40.703330
727,Mariana,40,Salvador,4259.21,2023-01-06 17:25:40.703334
728,João,30,Salvador,4083.89,2024-11-29 17:25:40.703338
729,Pedro,35,São Paulo,5044.53,2023-02-27 17:25:40.703340
730,Pedro,25,Belo Horizonte,4445.19,2024-11-11 17:25:40.703343
731,João,,Rio de Janeiro,4186.57,2023-04-28 17:25:40.703346
732,Lucia,,Belo Horizonte,1286.77,2023-01-24 17:25:40.703348
733,Ana,40,Salvador,4696.89,2024-10-04 17:25:40.703351
734,Mariana,30,São Paulo,3583.08,2023-04-21 17:25:40.703353
735,Maria,25,,3812.49,2023-03-05 17:25:40.703356
736,Lucia,30,São Paulo,3819.33,2023-04-10 17:25:40.703358
737,Lucia,25,Salvador,4273.83,2025-04-08 17:25:40.703361
738,Ana,40,Rio de Janeiro,4622.18,2022-11-06 17:25:40.703363
739,Carlos,40,Salvador,4134.24,2022-11-17 17:25:40.703366
740,Mariana,,Salvador,3975.29,2023-11-22 17:25:40.703368
741,Mariana,30,São Paulo,3731.51,2023-05-04 17:25:40.703371
742,João,,,148.39,2024-11-14 17:25:40.703373
743,Felipe,30,Belo Horizonte,3212.41,2023-07-25 17:25:40.703376
744,Felipe,,São Paulo,2558.41,2024-10-01 17:25:40.703379
745,Pedro,35,Belo Horizonte,4710.74,2023-06-04 17:25:40.703383
746,Maria,35,Salvador,4119.04,2024-08-11 17:25:40.703387
747,Lucia,35,Salvador,3041.86,2024-02-22 17:25:40.703392
748,Maria,35,Curitiba,3142.28,2023-08-04 17:25:40.703397
749,Ana,25,Rio de Janeiro,3106.02,2023-12-31 17:25:40.703401
750,Pedro,35,,3088.17,2024-10-27 17:25:40.703405
751,Felipe,40,São Paulo,2055.44,2024-03-12 17:25:40.703407
752,Mariana,40,,1838.72,2024-04-19 17:25:40.703410
753,Lucia,25,,3529.05,2023-01-22 17:25:40.703413
754,Pedro,35,,4575.31,2025-06-02 17:25:40.703415
755,Lucia,35,São Paulo,2962.31,2025-06-20 17:25:40.703418
756,Carlos,35,Curitiba,3803.44,2024-09-12 17:25:40.703420
757,Lucia,,São Paulo,4234.26,2024-05-11 17:25:40.703423
758,Maria,30,,2506.62,2023-07-16 17:25:40.703425
759,Pedro,,Salvador,3480.02,2023-05-09 17:25:40.703427
760,Lucia,30,Rio de Janeiro,2833.48,2025-02-28 17:25:40.703431
761,Mariana,35,,5106.12,2023-11-06 17:25:40.703433
762,Mariana,35,Curitiba,5062.46,2024-11-23 17:25:40.703437
763,Mariana,,Curitiba,2507.66,2024-07-07 17:25:40.703449
764,Lucia,,Salvador,3885.88,2024-03-10 17:25:40.703451
765,Lucia,30,Curitiba,4567.6,2023-01-19 17:25:40.703454
766,Lucia,40,,4348.33,2025-03-22 17:25:40.703456
767,João,30,Curitiba,3581.56,2025-06-26 17:25:40.703459
768,Felipe,,Salvador,4806.56,2024-10-01 17:25:40.703461
769,Pedro,,Salvador,2595.49,2024-01-01 17:25:40.703464
770,Felipe,25,São Paulo,3196.91,2024-04-26 17:25:40.703466
771,Ana,,Salvador,2622.36,2023-02-17 17:25:40.703469
772,Maria,25,Belo Horizonte,4282.49,2025-01-28 17:25:40.703472
773,Lucia,40,Salvador,2917.36,2023-07-29 17:25:40.703475
774,João,30,Salvador,3328.75,2024-10-30 17:25:40.703479
775,Ana,30,Rio de Janeiro,4117.67,2024-09-05 17:25:40.703483
776,Lucia,25,Belo Horizonte,4198.25,2023-12-03 17:25:40.703487
777,Mariana,30,Belo Horizonte,2592.87,2023-07-10 17:25:40.703492
778,Pedro,,Salvador,4556.66,2024-03-13 17:25:40.703496
779,Felipe,35,Belo Horizonte,3955.69,2024-01-17 17:25:40.703501
780,Mariana,25,Salvador,2418.3,2024-10-30 17:25:40.703506
781,Carlos,30,São Paulo,2172.28,2024-08-24 17:25:40.703512
782,Lucia,25,São Paulo,3484.18,2024-10-02 17:25:40.703515
783,Maria,25,Salvador,4350.09,2025-07-14 17:25:40.703517
784,Mariana,35,Rio de Janeiro,4375.72,2024-09-06 17:25:40.703520
785,Carlos,,,3856.17,2025-05-04 17:25:40.703522
786,João,25,Rio de Janeiro,3548.67,2022-12-20 17:25:40.703525
787,Pedro,30,Salvador,4011.74,2024-03-28 17:25:40.703527
788,Carlos,40,São Paulo,2644.67,2024-04-13 17:25:40.703530
789,João,25,Curitiba,5186.99,2024-06-17 17:25:40.703532
790,Pedro,25,Curitiba,5173.94,2024-07-16 17:25:40.703535
791,Felipe,35,Rio de Janeiro,3928.81,2024-07-08 17:25:40.703538
792,Ana,,,3697.3,2024-08-04 17:25:40.703540
793,Pedro,40,São Paulo,3088.58,2023-01-01 17:25:40.703542
794,Mariana,30,Belo Horizonte,4028.75,2024-01-24 17:25:40.703545
795,João,40,Salvador,2808.68,2022-11-24 17:25:40.703548
796,Pedro,30,Curitiba,1276.39,2023-03-17 17:25:40.703550
797,Lucia,,Curitiba,785.89,2025-01-05 17:25:40.703553
798,Pedro,30,,2700.5,2024-08-07 17:25:40.703556
799,Lucia,35,Curitiba,3656.38,2024-09-14 17:25:40.703558
800,Lucia,35,São Paulo,3831.97,2024-08-13 17:25:40.703561
801,Ana,35,Salvador,3013.24,2024-04-16 17:25:40.703563
802,Lucia,35,Curitiba,3641.84,2024-07-18 17:25:40.703566
803,Pedro,40,Salvador,3225.77,2025-07-26 17:25:40.703568
804,Carlos,,Salvador,2500.69,2023-04-25 17:25:40.703571
805,Lucia,30,Belo Horizonte,3446.26,2023-01-07 17:25:40.703573
806,Lucia,30,Belo Horizonte,4312.96,2025-01-31 17:25:40.703576
807,Felipe,35,São Paulo,2545.94,2024-11-10 17:25:40.703578
808,Mariana,35,Rio de Janeiro,2546.4,2022-11-14 17:25:40.703581
809,Ana,25,São Paulo,2430.75,2023-09-16 17:25:40.703583
810,Pedro,,Salvador,1563.48,2025-06-19 17:25:40.703586
811,Mariana,40,Salvador,3019.8,2024-01-29 17:25:40.703588
812,Ana,30,Salvador,4214.09,2023-04-19 17:25:40.703591
813,João,25,,3673.92,2023-08-15 17:25:40.703593
814,João,25,São Paulo,3330.75,2022-11-29 17:25:40.703596
815,Mariana,30,Curitiba,3629.06,2023-10-02 17:25:40.703598
816,Pedro,40,Salvador,3011.02,2023-07-01 17:25:40.703601
817,Carlos,25,São Paulo,1552.11,2024-01-01 17:25:40.703604
818,Ana,25,,4283.72,2024-09-11 17:25:40.703606
819,Felipe,,,4571.12,2024-05-04 17:25:40.703608
820,Lucia,40,Rio de Janeiro,2771.84,2023-08-06 17:25:40.703611
821,Lucia,25,,3349.16,2024-08-22 17:25:40.703614
822,Maria,40,Curitiba,3263.0,2024-04-01 17:25:40.703616
823,João,30,Belo Horizonte,3851.29,2023-01-05 17:25:40.703618
824,João,35,Rio de Janeiro,5189.89,2023-01-24 17:25:40.703621
825,Mariana,25,São Paulo,4659.79,2023-11-15 17:25:40.703624
826,Pedro,,Salvador,3123.09,2025-01-22 17:25:40.703626
827,Maria,30,,4042.46,2025-02-15 17:25:40.703628
828,Maria,40,,4754.36,2025-03-13 17:25:40.703631
829,Maria,30,São Paulo,3908.35,2025-02-13 17:25:40.703634
830,Maria,25,,3495.3,2023-08-20 17:25:40.703636
831,Carlos,40,São Paulo,3946.0,2024-01-13 17:25:40.703639
832,Carlos,35,Salvador,2796.73,2022-12-18 17:25:40.703641
833,Ana,30,Belo Horizonte,2942.72,2025-01-25 17:25:40.703644
834,Carlos,25,Belo Horizonte,2435.97,2024-03-09 17:25:40.703646
835,Mariana,,Salvador,3807.06,2023-05-14 17:25:40.703649
836,Maria,40,Curitiba,3368.6,2022-12-01 17:25:40.703651
837,Maria,30,São Paulo,2676.88,2024-02-20 17:25:40.703654
838,Ana,30,Salvador,3335.82,2024-11-20 17:25:40.703657
839,Felipe,35,,3970.0,2024-04-13 17:25:40.703660
840,Maria,35,São Paulo,5414.71,2024-12-25 17:25:40.703662
841,Felipe,,Belo Horizonte,4512.07,2023-08-15 17:25:40.703664
842,Lucia,,Salvador,1215.85,2025-06-26 17:25:40.703667
843,Pedro,25,Curitiba,3739.31,2023-05-07 17:25:40.703669
844,Carlos,25,Rio de Janeiro,4929.32,2025-04-08 17:25:40.703672
845,Lucia,,Belo Horizonte,2162.13,2023-10-28 17:25:40.703674
846,Maria,,São Paulo,4051.56,2024-01-14 17:25:40.703677
847,Carlos,40,São Paulo,3263.36,2024-10-03 17:25:40.703680
848,Carlos,35,Belo Horizonte,4650.29,2024-06-13 17:25:40.703682
849,Carlos,25,Belo Horizonte,3904.26,2025-07-15 17:25:40.703684
850,Felipe,35,,2615.98,2024-08-30 17:25:40.703687
851,Pedro,35,Salvador,3299.15,2024-10-06 17:25:40.703690
852,Maria,,Salvador,3358.3,2023-12-02 17:25:40.703692
853,Mariana,40,Curitiba,3376.82,2023-07-06 17:25:40.703694
854,Ana,30,Belo Horizonte,4619.26,2024-08-27 17:25:40.703697
855,Carlos,40,Curitiba,2657.38,2023-08-15 17:25:40.703699
856,Carlos,40,Curitiba,4503.05,2024-06-18 17:25:40.703702
857,Lucia,35,,3197.75,2023-09-23 17:25:40.703704
858,Lucia,40,Belo Horizonte,3723.51,2024-02-14 17:25:40.703707
859,Carlos,25,,3572.38,2023-12-04 17:25:40.703709
860,Felipe,35,Salvador,3478.19,2023-06-15 17:25:40.703712
861,Ana,25,Curitiba,3486.4,2024-11-27 17:25:40.703715
862,Ana,30,São Paulo,4957.36,2023-09-25 17:25:40.703718
863,João,35,Rio de Janeiro,4342.45,2023-09-18 17:25:40.703721
864,Pedro,30,Rio de Janeiro,3137.28,2024-12-08 17:25:40.703723
865,Felipe,35,,5082.79,2024-11-09 17:25:40.703726
866,Carlos,,Belo Horizonte,3774.68,2024-07-15 17:25:40.703729
867,Maria,40,São Paulo,3857.62,2024-10-04 17:25:40.703731
868,Carlos,,São Paulo,2662.68,2025-06-03 17:25:40.703734
869,João,30,São Paulo,3002.5,2024-11-12 17:25:40.703737
870,Maria,40,,2811.5,2023-07-16 17:25:40.703739
871,Carlos,35,,3586.07,2023-03-06 17:25:40.703742
872,Mariana,40,São Paulo,4138.78,2023-01-03 17:25:40.703744
873,João,25,Salvador,3867.23,2023-04-12 17:25:40.703747
874,João,40,São Paulo,5088.04,2024-02-07 17:25:40.703750
875,Lucia,25,,2612.24,2024-12-10 17:25:40.703752
876,Lucia,40,Salvador,3614.87,2023-05-29 17:25:40.703755
877,Lucia,25,Curitiba,2217.06,2022-12-12 17:25:40.703757
878,João,30,Rio de Janeiro,2578.13,2024-11-19 17:25:40.703760
879,Lucia,,Salvador,4764.58,2024-08-17 17:25:40.703763
880,Mariana,35,Salvador,3036.84,2023-10-06 17:25:40.703765
881,Maria,40,Rio de Janeiro,2696.64,2024-07-04 17:25:40.703768
882,Lucia,,Salvador,1370.02,2024-08-06 17:25:40.703770
883,Pedro,35,Rio de Janeiro,2686.65,2023-12-08 17:25:40.703773
884,Lucia,35,Salvador,3294.72,2025-07-19 17:25:40.703775
885,Maria,25,Rio de Janeiro,2142.6,2024-10-28 17:25:40.703778
886,João,30,Rio de Janeiro,3237.22,2025-07-27 17:25:40.703781
887,Carlos,30,,4770.63,2023-07-01 17:25:40.703783
888,Felipe,,,2792.69,2023-12-05 17:25:40.703786
889,Ana,30,Belo Horizonte,2556.62,2024-08-05 17:25:40.703788
890,Maria,40,,2376.1,2022-11-15 17:25:40.703791
891,Maria,30,Salvador,2358.24,2023-08-29 17:25:40.703794
892,Mariana,,Belo Horizonte,4035.58,2023-06-09 17:25:40.703796
893,Pedro,30,Rio de Janeiro,3548.67,2023-02-07 17:25:40.703799
894,Felipe,40,,4456.86,2023-12-04 17:25:40.703801
895,Mariana,25,São Paulo,5519.84,2024-12-28 17:25:40.703804
896,Felipe,,Salvador,1669.61,2023-12-13 17:25:40.703806
897,Pedro,25,Rio de Janeiro,3880.08,2024-06-01 17:25:40.703809
898,Pedro,25,São Paulo,2381.38,2025-04-19 17:25:40.703811
899,Mariana,25,Belo Horizonte,4288.9,2023-06-24 17:25:40.703814
900,Carlos,35,Salvador,3228.09,2023-06-06 17:25:40.703816
901,Carlos,35,São Paulo,3527.32,2024-08-09 17:25:40.703819
902,Mariana,25,Rio de Janeiro,2216.82,2024-06-19 17:25:40.703823
903,Pedro,,Salvador,3073.57,2024-05-28 17:25:40.703828
904,Lucia,40,Salvador,3589.66,2024-07-14 17:25:40.703833
905,Felipe,40,Rio de Janeiro,4856.08,2023-05-23 17:25:40.703837
906,Pedro,30,São Paulo,2705.44,2025-07-30 17:25:40.703841
907,Pedro,,São Paulo,2949.31,2023-05-10 17:25:40.703851
908,Ana,35,Salvador,4444.29,2025-02-21 17:25:40.703855
909,Lucia,25,São Paulo,2640.66,2024-12-30 17:25:40.703858
910,Pedro,30,,4642.39,2024-06-13 17:25:40.703861
911,Maria,40,Salvador,3490.91,2024-09-15 17:25:40.703864
912,Ana,35,,3803.12,2022-11-21 17:25:40.703867
913,Carlos,35,São Paulo,3867.52,2024-10-13 17:25:40.703869
914,Lucia,25,,2883.78,2024-11-29 17:25:40.703872
915,João,40,Curitiba,3889.89,2024-07-28 17:25:40.703875
916,Maria,,Curitiba,2727.63,2024-05-21 17:25:40.703877
917,Maria,35,Salvador,2997.9,2023-11-29 17:25:40.703880
918,Mariana,25,Salvador,4058.69,2023-01-29 17:25:40.703882
919,Felipe,,Rio de Janeiro,3793.39,2023-03-28 17:25:40.703885
920,Mariana,40,Belo Horizonte,3425.04,2025-04-27 17:25:40.703889
921,Felipe,35,São Paulo,2241.27,2024-10-07 17:25:40.703893
922,João,,São Paulo,2490.84,2023-10-14 17:25:40.703898
923,Mariana,,Belo Horizonte,3776.71,2024-03-06 17:25:40.703902
924,Maria,,São Paulo,4232.14,2023-07-11 17:25:40.703907
925,Maria,35,Salvador,2390.35,2023-07-01 17:25:40.703911
926,Lucia,35,Salvador,2660.17,2024-12-02 17:25:40.703916
927,Felipe,30,São Paulo,3634.19,2025-03-11 17:25:40.703922
928,Mariana,40,Curitiba,3612.79,2025-02-15 17:25:40.703925
929,João,25,,1876.04,2025-01-05 17:25:40.703928
930,Felipe,,Rio de Janeiro,3661.56,2025-04-12 17:25:40.703930
931,Lucia,30,Belo Horizonte,2901.63,2023-03-03 17:25:40.703933
932,João,25,São Paulo,5141.05,2024-10-13 17:25:40.703935
933,Maria,30,Belo Horizonte,3749.2,2023-10-04 17:25:40.703938
934,Maria,35,,3921.47,2023-01-12 17:25:40.703940
935,Felipe,,Curitiba,3947.36,2024-12-07 17:25:40.703943
936,Maria,25,Curitiba,2286.07,2024-06-08 17:25:40.703945
937,João,25,Rio de Janeiro,5443.88,2023-05-03 17:25:40.703948
938,Carlos,25,Rio de Janeiro,1877.09,2023-04-22 17:25:40.703950
939,Lucia,25,Belo Horizonte,4295.7,2024-08-06 17:25:40.703953
940,Pedro,25,São Paulo,4118.66,2024-09-21 17:25:40.703955
941,Lucia,30,São Paulo,3023.0,2025-05-10 17:25:40.703958
942,Carlos,,Rio de Janeiro,4166.45,2023-07-16 17:25:40.703960
943,Pedro,35,Curitiba,3182.43,2025-06-05 17:25:40.703963
944,Pedro,35,Curitiba,2824.54,2023-08-05 17:25:40.703965
945,Lucia,35,Curitiba,3969.56,2024-06-02 17:25:40.703968
946,Lucia,35,Curitiba,2493.44,2023-11-25 17:25:40.703970
947,Lucia,30,Curitiba,3275.74,2024-02-04 17:25:40.703972
948,Maria,40,Rio de Janeiro,2905.82,2025-04-02 17:25:40.703975
949,Mariana,,,3164.02,2024-06-15 17:25:40.703978
950,Maria,25,Salvador,3932.73,2025-06-29 17:25:40.703980
951,Lucia,40,São Paulo,2905.63,2023-06-03 17:25:40.703983
952,João,35,Rio de Janeiro,3307.68,2023-12-07 17:25:40.703985
953,João,40,,2996.85,2025-05-20 17:25:40.703988
954,Pedro,,Belo Horizonte,4944.0,2023-10-18 17:25:40.703990
955,João,25,Salvador,3842.61,2024-06-22 17:25:40.703993
956,João,25,Salvador,3720.07,2023-01-14 17:25:40.703995
957,Mariana,,Rio de Janeiro,4183.42,2023-03-07 17:25:40.703998
958,Maria,,Belo Horizonte,2905.87,2023-10-23 17:25:40.704000
959,Lucia,35,,4359.26,2023-10-29 17:25:40.704003
960,Lucia,25,,3846.18,2023-11-10 17:25:40.704005
961,Carlos,40,Rio de Janeiro,1939.11,2023-05-16 17:25:40.704007
962,Felipe,30,Belo Horizonte,2071.97,2024-06-09 17:25:40.704010
963,Maria,30,,2927.7,2023-02-01 17:25:40.704013
964,Mariana,,,2178.99,2025-04-09 17:25:40.704015
965,João,35,,3261.72,2024-02-14 17:25:40.704017
966,Maria,30,,2486.26,2025-06-10 17:25:40.704020
967,Carlos,25,São Paulo,3402.28,2024-03-16 17:25:40.704023
968,Pedro,,São Paulo,4911.71,2023-03-12 17:25:40.704026
969,Mariana,40,Salvador,3450.62,2025-04-13 17:25:40.704031
970,Maria,,Salvador,3197.04,2024-01-04 17:25:40.704035
971,Carlos,40,Belo Horizonte,3888.24,2023-05-25 17:25:40.704040
972,Ana,,Curitiba,2803.58,2023-01-01 17:25:40.704044
973,João,,Curitiba,4343.41,2022-11-13 17:25:40.704048
974,Ana,,Belo Horizonte,3995.21,2024-01-01 17:25:40.704054
975,Mariana,40,São Paulo,3538.87,2025-04-20 17:25:40.704058
976,Ana,40,Belo Horizonte,3654.32,2023-04-16 17:25:40.704062
977,João,,Curitiba,5541.75,2024-05-18 17:25:40.704067
978,Felipe,30,Curitiba,4442.31,2023-01-02 17:25:40.704072
979,Maria,35,Rio de Janeiro,5699.53,2023-12-12 17:25:40.704076
980,Carlos,35,Rio de Janeiro,4032.03,2024-05-05 17:25:40.704080
981,Ana,35,Rio de Janeiro,2028.31,2023-06-28 17:25:40.704085
982,Mariana,40,Curitiba,3237.83,2023-12-13 17:25:40.704089
983,Pedro,40,Rio de Janeiro,1799.8,2023-07-04 17:25:40.704100
984,Lucia,30,,4028.3,2024-02-13 17:25:40.704104
985,Mariana,35,São Paulo,4245.4,2024-04-20 17:25:40.704107
986,Maria,35,Curitiba,2614.08,2025-04-16 17:25:40.704109
987,Mariana,,Curitiba,2844.36,2023-06-02 17:25:40.704111
988,Ana,40,São Paulo,3648.75,2024-09-30 17:25:40.704114
989,Mariana,35,Salvador,2301.9,2025-03-15 17:25:40.704116
990,Lucia,30,,2226.84,2025-03-03 17:25:40.704120
991,Carlos,30,Salvador,4738.63,2024-01-28 17:25:40.704122
992,Pedro,35,Rio de Janeiro,3614.71,2025-03-05 17:25:40.704125
993,João,40,Salvador,2941.89,2024-05-19 17:25:40.704128
994,Lucia,30,Rio de Janeiro,1807.88,2024-09-25 17:25:40.704130
995,Ana,,Rio de Janeiro,4352.35,2024-03-03 17:25:40.704133
996,Felipe,30,São Paulo,2815.48,2025-01-25 17:25:40.704135
997,Pedro,25,Salvador,5360.68,2023-07-30 17:25:40.704138
998,Ana,25,Belo Horizonte,4359.31,2023-07-11 17:25:40.704140
999,Lucia,40,,2691.86,2024-08-30 17:25:40.704143
1000,Carlos,35,Rio de Janeiro,2784.53,2025-07-11 17:25:40.704145
1001,João,40,Belo Horizonte,5221.85,2025-07-02 17:25:40.704147
1002,Lucia,40,Curitiba,3415.74,2023-08-04 17:25:40.704150
1003,Felipe,40,Curitiba,2986.69,2025-01-22 17:25:40.704153
1004,João,40,Belo Horizonte,3527.72,2024-11-06 17:25:40.704155
1005,Carlos,,,2982.09,2024-08-12 17:25:40.704157
1006,Lucia,,Belo Horizonte,3741.05,2025-05-21 17:25:40.704160
1007,Felipe,30,,3424.18,2023-07-22 17:25:40.704162
1008,João,25,,4375.51,2023-11-11 17:25:40.704165
1009,Carlos,40,Belo Horizonte,3111.43,2023-08-03 17:25:40.704167
1010,Felipe,30,Rio de Janeiro,2615.18,2022-11-17 17:25:40.704170
1011,Lucia,25,São Paulo,3151.02,2024-05-29 17:25:40.704172
1012,Mariana,35,São Paulo,3144.92,2022-11-20 17:25:40.704175
1013,Lucia,,Rio de Janeiro,3422.47,2023-03-12 17:25:40.704177
1014,Ana,25,,4134.54,2022-12-21 17:25:40.704180
1015,Maria,35,São Paulo,4079.91,2023-01-17 17:25:40.704182
1016,Ana,25,,4699.66,2023-06-17 17:25:40.704185
1017,Lucia,,,2688.51,2025-06-02 17:25:40.704187
1018,Pedro,,Rio de Janeiro,3888.72,2022-12-30 17:25:40.704190
1019,Felipe,30,São Paulo,4227.32,2023-06-24 17:25:40.704192
1020,Felipe,40,São Paulo,2825.78,2025-06-13 17:25:40.704195
1021,Pedro,25,Rio de Janeiro,3292.37,2024-02-18 17:25:40.704198
1022,Mariana,25,Salvador,1750.02,2022-12-30 17:25:40.704201
1023,João,35,,4406.86,2022-12-12 17:25:40.704203
1024,Mariana,,Belo Horizonte,3284.5,2024-09-18 17:25:40.704205
1025,Pedro,25,Curitiba,4306.56,2024-12-05 17:25:40.704208
1026,Felipe,,Curitiba,3706.05,2025-07-09 17:25:40.704211
1027,Pedro,25,Rio de Janeiro,3314.83,2023-04-09 17:25:40.704213
1028,Mariana,30,,1907.2,2022-12-24 17:25:40.704216
1029,João,40,Salvador,2085.05,2025-05-26 17:25:40.704218
1030,Pedro,25,Rio de Janeiro,906.85,2024-01-14 17:25:40.704221
1031,Lucia,,Belo Horizonte,2937.39,2025-06-15 17:25:40.704223
1032,Carlos,30,,5778.25,2023-01-05 17:25:40.704226
1033,Pedro,25,Rio de Janeiro,2212.05,2025-02-21 17:25:40.704228
1034,Maria,35,Curitiba,868.57,2024-03-31 17:25:40.704230
1035,João,40,São Paulo,4462.67,2024-02-18 17:25:40.704233
1036,Pedro,25,Rio de Janeiro,5863.72,2024-10-31 17:25:40.704238
1037,Maria,30,,3797.92,2024-11-12 17:25:40.704243
1038,Ana,35,Belo Horizonte,3788.73,2023-12-31 17:25:40.704247
1039,Felipe,30,Curitiba,3190.12,2024-05-01 17:25:40.704252
1040,João,30,Salvador,1705.74,2024-02-17 17:25:40.704257
1041,Ana,35,Salvador,2049.29,2025-03-13 17:25:40.704260
1042,Lucia,30,Salvador,3183.25,2023-05-22 17:25:40.704263
1043,João,35,,2991.54,2025-03-03 17:25:40.704265
1044,Mariana,25,São Paulo,3384.83,2025-02-23 17:25:40.704268
1045,Pedro,35,Salvador,4329.32,2024-11-12 17:25:40.704270
1046,Felipe,35,,2918.16,2023-04-14 17:25:40.704272
1047,Ana,40,,4349.72,2023-12-28 17:25:40.704275
1048,Pedro,35,Curitiba,2924.71,2022-11-24 17:25:40.704277
1049,Carlos,35,São Paulo,4538.24,2024-06-19 17:25:40.704280
1050,Pedro,25,Belo Horizonte,3586.37,2025-07-26 17:25:40.704282
1051,João,40,,3064.17,2024-08-07 17:25:40.704285
1052,Carlos,,São Paulo,3569.29,2025-06-23 17:25:40.704287
1053,João,25,Salvador,3206.46,2023-04-06 17:25:40.704290
1054,Lucia,25,Rio de Janeiro,3613.13,2023-04-08 17:25:40.704293
1055,Ana,,Curitiba,4258.11,2025-02-04 17:25:40.704297
1056,Felipe,35,Salvador,3412.78,2024-10-03 17:25:40.704301
1057,Ana,30,Curitiba,3130.43,2024-06-01 17:25:40.704306
1058,Lucia,40,Curitiba,2376.48,2025-06-20 17:25:40.704310
1059,Maria,30,Rio de Janeiro,4079.18,2023-02-06 17:25:40.704315
1060,Pedro,,,3848.27,2023-06-26 17:25:40.704319
1061,Mariana,25,Curitiba,2318.06,2023-07-15 17:25:40.704324
1062,Lucia,25,,4335.49,2024-03-21 17:25:40.704329
1063,Felipe,40,Rio de Janeiro,2301.82,2024-07-29 17:25:40.704332
1064,Maria,25,Belo Horizonte,4529.22,2022-12-23 17:25:40.704334
1065,Ana,25,,4187.86,2022-12-03 17:25:40.704337
1066,Mariana,40,São Paulo,3919.67,2024-01-17 17:25:40.704340
1067,Lucia,40,Belo Horizonte,3123.0,2023-07-29 17:25:40.704342
1068,Carlos,,Salvador,4075.78,2025-04-17 17:25:40.704345
1069,Mariana,25,São Paulo,4576.37,2024-03-09 17:25:40.704347
1070,Maria,25,Salvador,4092.35,2024-11-14 17:25:40.704350
1071,Carlos,,Rio de Janeiro,2829.75,2024-04-08 17:25:40.704352
1072,Mariana,35,,3767.41,2023-05-14 17:25:40.704354
1073,João,35,Salvador,4632.03,2025-01-15 17:25:40.704357
1074,Mariana,35,Belo Horizonte,5699.1,2025-07-14 17:25:40.704360
1075,Felipe,,São Paulo,3294.79,2024-04-19 17:25:40.704362
1076,Lucia,25,Rio de Janeiro,4357.88,2023-08-16 17:25:40.704365
1077,Carlos,,São Paulo,4634.48,2024-04-12 17:25:40.704367
1078,Lucia,,Rio de Janeiro,2687.6,2022-12-31 17:25:40.704370
1079,Ana,35,,5282.08,2022-12-15 17:25:40.704372
1080,Pedro,30,Rio de Janeiro,2434.82,2023-01-02 17:25:40.704375
1081,Ana,25,,4308.99,2023-10-19 17:25:40.704378
1082,Mariana,35,Salvador,3805.32,2023-02-12 17:25:40.704380
1083,João,30,São Paulo,3555.58,2023-09-21 17:25:40.704382
1084,Ana,30,,6046.83,2024-03-03 17:25:40.704385
1085,Lucia,40,Belo Horizonte,3198.74,2024-12-25 17:25:40.704388
1086,Felipe,25,Belo Horizonte,3182.65,2024-03-20 17:25:40.704390
1087,João,30,Salvador,4831.48,2022-12-10 17:25:40.704392
1088,Carlos,35,Curitiba,4261.8,2025-06-28 17:25:40.704395
1089,Mariana,40,Salvador,4782.1,2023-01-10 17:25:40.704397
1090,Mariana,25,Curitiba,3616.87,2023-09-06 17:25:40.704400
1091,Ana,,Belo Horizonte,3816.94,2025-07-05 17:25:40.704402
1092,Mariana,35,Salvador,5400.94,2024-03-24 17:25:40.704405
1093,Pedro,30,,2664.05,2024-03-07 17:25:40.704407
1094,Felipe,30,Curitiba,3397.12,2025-05-04 17:25:40.704410
1095,Pedro,35,Belo Horizonte,4298.25,2023-06-08 17:25:40.704412
1096,Ana,30,Curitiba,3304.14,2023-10-19 17:25:40.704415
1097,João,40,Curitiba,2929.85,2024-08-05 17:25:40.704417
1098,Lucia,25,São Paulo,4118.48,2023-06-02 17:25:40.704420
1099,Ana,40,Curitiba,4835.81,2023-12-30 17:25:40.704422
1100,Carlos,30,,3359.17,2025-02-16 17:25:40.704425
1101,Lucia,,,3331.41,2023-08-27 17:25:40.704427
1102,Pedro,25,,2852.31,2024-09-26 17:25:40.704430
1103,Ana,25,Curitiba,3204.02,2023-01-25 17:25:40.704433
1104,João,35,Rio de Janeiro,4583.61,2024-04-25 17:25:40.704435
1105,Mariana,35,Rio de Janeiro,3581.06,2023-09-21 17:25:40.704438
1106,João,,Belo Horizonte,2695.01,2025-03-21 17:25:40.704440
1107,Pedro,25,São Paulo,3762.36,2025-03-12 17:25:40.704443
1108,Felipe,,Curitiba,4551.19,2025-03-28 17:25:40.704445
1109,Lucia,35,São Paulo,2938.11,2024-03-22 17:25:40.704448
1110,Felipe,35,Salvador,2171.39,2024-12-20 17:25:40.704450
1111,Maria,25,São Paulo,5690.83,2023-09-07 17:25:40.704453
1112,Mariana,40,Salvador,2121.47,2024-01-25 17:25:40.704457
1113,Mariana,30,Belo Horizonte,3140.98,2022-12-18 17:25:40.704462
1114,Lucia,35,Rio de Janeiro,3732.13,2022-11-10 17:25:40.704466
1115,Lucia,35,Belo Horizonte,3227.57,2024-11-06 17:25:40.704471
1116,Ana,40,Belo Horizonte,3425.09,2023-01-03 17:25:40.704485
1117,Maria,40,Rio de Janeiro,4076.84,2024-10-26 17:25:40.704489
1118,Maria,,,1108.28,2023-01-06 17:25:40.704491
1119,Carlos,,Belo Horizonte,2233.11,2023-03-01 17:25:40.704494
1120,João,30,Curitiba,3544.26,2023-07-27 17:25:40.704496
1121,Maria,30,São Paulo,3095.78,2023-08-21 17:25:40.704499
1122,Pedro,25,Rio de Janeiro,3629.41,2024-10-03 17:25:40.704501
1123,Mariana,,Belo Horizonte,3727.65,2023-01-04 17:25:40.704504
1124,Mariana,35,,1384.08,2022-11-24 17:25:40.704506
1125,Ana,,Salvador,4773.64,2024-01-23 17:25:40.704508
1126,Mariana,35,Salvador,3001.73,2024-03-12 17:25:40.704511
1127,Ana,40,São Paulo,2634.49,2023-10-23 17:25:40.704513
1128,Carlos,,Salvador,3708.36,2024-12-26 17:25:40.704516
1129,Maria,40,Salvador,3607.16,2023-11-14 17:25:40.704518
1130,Felipe,30,São Paulo,4696.69,2024-06-28 17:25:40.704521
1131,Pedro,30,Salvador,3771.87,2024-06-25 17:25:40.704523
1132,Felipe,25,,4658.11,2024-03-07 17:25:40.704526
1133,Ana,,Curitiba,2561.82,2023-12-18 17:25:40.704528
1134,João,40,Curitiba,3641.86,2023-09-21 17:25:40.704531
1135,João,35,Rio de Janeiro,2385.25,2024-03-05 17:25:40.704533
1136,Lucia,30,Salvador,3597.68,2022-11-26 17:25:40.704536
1137,João,30,Belo Horizonte,3385.71,2024-12-23 17:25:40.704538
1138,Felipe,35,Curitiba,3342.7,2023-12-19 17:25:40.704541
1139,Mariana,40,Rio de Janeiro,3351.47,2024-10-07 17:25:40.704543
1140,João,40,,4236.39,2024-09-24 17:25:40.704545
1141,Ana,,Salvador,1892.64,2023-04-02 17:25:40.704548
1142,Maria,,São Paulo,2600.21,2023-01-18 17:25:40.704551
1143,Ana,25,Rio de Janeiro,3459.43,2023-06-16 17:25:40.704555
1144,Pedro,30,Belo Horizonte,2321.34,2024-07-10 17:25:40.704560
1145,Felipe,,Curitiba,3546.11,2023-07-26 17:25:40.704564
1146,Maria,40,Curitiba,3449.15,2024-08-21 17:25:40.704569
1147,Maria,35,São Paulo,2096.24,2022-12-13 17:25:40.704573
1148,João,40,São Paulo,2046.83,2023-11-10 17:25:40.704579
1149,Maria,30,Belo Horizonte,876.21,2022-12-23 17:25:40.704584
1150,Pedro,40,Salvador,2279.33,2024-11-11 17:25:40.704587
1151,Pedro,25,São Paulo,3514.32,2025-03-08 17:25:40.704590
1152,Lucia,30,Rio de Janeiro,3656.19,2024-05-14 17:25:40.704592
1153,Lucia,35,Rio de Janeiro,3701.9,2023-02-19 17:25:40.704595
1154,Ana,25,São Paulo,2722.08,2024-06-18 17:25:40.704597
1155,João,30,Belo Horizonte,3481.7,2024-01-24 17:25:40.704600
1156,Mariana,35,Rio de Janeiro,3897.24,2023-12-01 17:25:40.704603
1157,Felipe,25,,2231.96,2023-07-29 17:25:40.704605
1158,Mariana,25,Curitiba,3623.33,2025-06-12 17:25:40.704607
1159,Carlos,30,Curitiba,4156.48,2025-07-01 17:25:40.704610
1160,Maria,,Salvador,3009.23,2024-04-20 17:25:40.704612
1161,Felipe,25,Belo Horizonte,4562.23,2024-07-05 17:25:40.704615
1162,Maria,25,,3032.57,2023-03-10 17:25:40.704618
1163,João,35,Salvador,2639.94,2023-07-16 17:25:40.704625
1164,Mariana,40,Rio de Janeiro,4056.84,2024-12-15 17:25:40.704628
1165,Felipe,30,Belo Horizonte,5533.29,2022-12-06 17:25:40.704630
1166,Felipe,30,Belo Horizonte,3585.35,2023-11-07 17:25:40.704632
1167,Ana,,Belo Horizonte,4134.91,2025-01-11 17:25:40.704635
1168,Mariana,,Rio de Janeiro,2991.28,2024-06-05 17:25:40.704638
1169,Maria,30,Rio de Janeiro,2258.38,2023-08-05 17:25:40.704641
1170,Maria,,Belo Horizonte,3666.27,2023-09-12 17:25:40.704643
1171,Lucia,35,Belo Horizonte,3824.4,2023-12-21 17:25:40.704646
1172,Felipe,30,Rio de Janeiro,3142.09,2024-07-28 17:25:40.704648
1173,João,,Belo Horizonte,4131.06,2024-05-01 17:25:40.704651
1174,Lucia,30,São Paulo,2845.92,2025-05-20 17:25:40.704653
1175,Pedro,40,Salvador,2597.91,2025-02-20 17:25:40.704656
1176,Maria,25,Rio de Janeiro,4560.64,2025-02-08 17:25:40.704659
1177,Carlos,30,São Paulo,4565.35,2023-06-13 17:25:40.704661
1178,João,25,Salvador,2865.66,2023-06-13 17:25:40.704664
1179,Mariana,,São Paulo,5218.85,2024-03-11 17:25:40.704666
1180,João,25,Belo Horizonte,3212.89,2024-12-20 17:25:40.704669
1181,Pedro,30,São Paulo,3584.78,2024-07-03 17:25:40.704671
1182,João,40,Curitiba,3415.35,2024-06-12 17:25:40.704683
1183,Maria,,Rio de Janeiro,4023.76,2024-02-18 17:25:40.704686
1184,João,30,Salvador,3771.42,2024-07-29 17:25:40.704689
1185,Maria,,Belo Horizonte,3757.96,2023-07-31 17:25:40.704691
1186,Ana,35,Curitiba,2480.44,2025-07-04 17:25:40.704694
1187,Mariana,25,Rio de Janeiro,1811.44,2023-08-02 17:25:40.704697
1188,Mariana,35,Curitiba,4642.16,2024-11-26 17:25:40.704699
1189,Lucia,30,São Paulo,2954.55,2023-05-02 17:25:40.704702
1190,Pedro,40,,3450.97,2024-06-09 17:25:40.704704
1191,Ana,,Curitiba,3826.8,2024-06-25 17:25:40.704707
1192,Mariana,25,Salvador,5129.01,2025-03-14 17:25:40.704709
1193,Mariana,,São Paulo,3661.36,2023-01-26 17:25:40.704712
1194,Mariana,30,,3105.2,2024-06-17 17:25:40.704715
1195,Lucia,,Curitiba,2976.46,2023-02-01 17:25:40.704717
1196,Carlos,25,Salvador,3462.64,2024-11-29 17:25:40.704720
1197,João,30,São Paulo,2590.64,2023-03-28 17:25:40.704722
1198,Maria,,São Paulo,3528.88,2022-12-14 17:25:40.704725
1199,Maria,40,Belo Horizonte,3447.98,2023-12-17 17:25:40.704728
1200,Lucia,30,Belo Horizonte,5141.53,2024-06-13 17:25:40.704730
